Time,header.seq,header.stamp.secs,header.stamp.nsecs,header.frame_id,latitude,longitude,altitude,utm_easting,utm_northing,zone,letter,pos_stat
1665255039.1380465,165,3939,0,GPS1_Frame,42.33821533333333,-71.08648316666665,39.1,328116.87816490966,4689437.323179708,19,T,4
1665255040.0976927,166,3940,0,GPS1_Frame,42.33821533333333,-71.08648316666665,39.1,328116.87816490966,4689437.323179708,19,T,4
1665255041.1130507,167,3941,0,GPS1_Frame,42.33821533333333,-71.08648316666665,39.1,328116.87816490966,4689437.323179708,19,T,4
1665255042.1036632,168,3942,0,GPS1_Frame,42.338215166666664,-71.08648316666665,39.1,328116.87771079637,4689437.304672644,19,T,4
1665255043.102323,169,3943,0,GPS1_Frame,42.338215166666664,-71.08648316666665,39.1,328116.87771079637,4689437.304672644,19,T,4
1665255044.116413,170,3944,0,GPS1_Frame,42.33821533333333,-71.08648316666665,39.1,328116.87816490966,4689437.323179708,19,T,4
1665255045.1156585,171,3945,0,GPS1_Frame,42.33821533333333,-71.08648316666665,39.1,328116.87816490966,4689437.323179708,19,T,4
1665255046.103778,172,3946,0,GPS1_Frame,42.33821533333333,-71.08648316666665,39.1,328116.87816490966,4689437.323179708,19,T,4
1665255047.1243174,173,3947,0,GPS1_Frame,42.33821533333333,-71.08648316666665,39.1,328116.87816490966,4689437.323179708,19,T,4
1665255048.1057384,174,3948,0,GPS1_Frame,42.33821533333333,-71.08648316666665,39.1,328116.87816490966,4689437.323179708,19,T,4
1665255049.1181371,175,3949,0,GPS1_Frame,42.33821533333333,-71.08648316666665,39.1,328116.87816490966,4689437.323179708,19,T,4
1665255050.1084008,176,3950,0,GPS1_Frame,42.33821533333333,-71.08648316666665,39.1,328116.87816490966,4689437.323179708,19,T,4
1665255051.106692,177,3951,0,GPS1_Frame,42.33821533333333,-71.08648316666665,39.1,328116.87816490966,4689437.323179708,19,T,4
1665255052.1067698,178,3952,0,GPS1_Frame,42.33821533333333,-71.08648316666665,39.1,328116.87816490966,4689437.323179708,19,T,4
1665255053.1366527,179,3953,0,GPS1_Frame,42.33821533333333,-71.08648316666665,39.1,328116.87816490966,4689437.323179708,19,T,4
1665255054.142394,180,3954,0,GPS1_Frame,42.338215166666664,-71.08648316666665,39.1,328116.87771079637,4689437.304672644,19,T,4
1665255055.1270175,181,3955,0,GPS1_Frame,42.33821533333333,-71.08648316666665,39.1,328116.87816490966,4689437.323179708,19,T,4
1665255056.1587756,182,3956,0,GPS1_Frame,42.33821533333333,-71.08648316666665,39.1,328116.87816490966,4689437.323179708,19,T,4
1665255057.1133473,183,3957,0,GPS1_Frame,42.33821533333333,-71.08648316666665,39.1,328116.87816490966,4689437.323179708,19,T,4
1665255058.1479099,184,3958,0,GPS1_Frame,42.33821533333333,-71.08648316666665,39.1,328116.87816490966,4689437.323179708,19,T,4
1665255059.1142926,185,3959,0,GPS1_Frame,42.33821533333333,-71.08648316666665,39.1,328116.87816490966,4689437.323179708,19,T,4
1665255060.138112,186,3900,0,GPS1_Frame,42.33821533333333,-71.08648316666665,39.1,328116.87816490966,4689437.323179708,19,T,4
1665255061.129465,187,3901,0,GPS1_Frame,42.33821533333333,-71.08648316666665,39.1,328116.87816490966,4689437.323179708,19,T,4
1665255062.1338334,188,3902,0,GPS1_Frame,42.33821533333333,-71.08648316666665,39.1,328116.87816490966,4689437.323179708,19,T,4
1665255063.145713,189,3903,0,GPS1_Frame,42.33821533333333,-71.08648316666665,39.1,328116.87816490966,4689437.323179708,19,T,4
1665255064.1306005,190,3904,0,GPS1_Frame,42.33821533333333,-71.08648316666665,39.1,328116.87816490966,4689437.323179708,19,T,4
1665255065.1361375,191,3905,0,GPS1_Frame,42.33821533333333,-71.08648316666665,39.1,328116.87816490966,4689437.323179708,19,T,4
1665255066.120615,192,3906,0,GPS1_Frame,42.33821533333333,-71.08648316666665,39.1,328116.87816490966,4689437.323179708,19,T,4
1665255067.1456752,193,3907,0,GPS1_Frame,42.33821533333333,-71.08648316666665,39.1,328116.87816490966,4689437.323179708,19,T,4
1665255068.1432436,194,3908,0,GPS1_Frame,42.33821533333333,-71.08648316666665,39.1,328116.87816490966,4689437.323179708,19,T,4
1665255069.141085,195,3909,0,GPS1_Frame,42.33821533333333,-71.08648316666665,39.1,328116.87816490966,4689437.323179708,19,T,4
1665255070.1036022,196,3910,0,GPS1_Frame,42.33821533333333,-71.08648316666665,39.1,328116.87816490966,4689437.323179708,19,T,4
1665255071.1060834,197,3911,0,GPS1_Frame,42.33821533333333,-71.08648316666665,39.1,328116.87816490966,4689437.323179708,19,T,4
1665255072.1072488,198,3912,0,GPS1_Frame,42.33821533333333,-71.08648316666665,39.1,328116.87816490966,4689437.323179708,19,T,4
1665255073.1185663,199,3913,0,GPS1_Frame,42.33821533333333,-71.08648316666665,39.1,328116.87816490966,4689437.323179708,19,T,4
1665255074.1062975,200,3914,0,GPS1_Frame,42.33821533333333,-71.08648316666665,39.1,328116.87816490966,4689437.323179708,19,T,4
1665255075.1245902,201,3915,0,GPS1_Frame,42.33821533333333,-71.08648316666665,39.1,328116.87816490966,4689437.323179708,19,T,4
1665255076.109061,202,3916,0,GPS1_Frame,42.33821533333333,-71.08648316666665,39.1,328116.87816490966,4689437.323179708,19,T,4
1665255077.1010988,203,3917,0,GPS1_Frame,42.33821533333333,-71.08648316666665,39.1,328116.87816490966,4689437.323179708,19,T,4
1665255078.1149611,204,3918,0,GPS1_Frame,42.33821533333333,-71.08648316666665,39.1,328116.87816490966,4689437.323179708,19,T,4
1665255079.117069,205,3919,0,GPS1_Frame,42.33821533333333,-71.08648316666665,39.1,328116.87816490966,4689437.323179708,19,T,4
1665255080.1286335,206,3920,0,GPS1_Frame,42.33821533333333,-71.08648316666665,39.1,328116.87816490966,4689437.323179708,19,T,4
1665255081.1150517,207,3921,0,GPS1_Frame,42.33821533333333,-71.08648316666665,39.1,328116.87816490966,4689437.323179708,19,T,4
1665255082.116688,208,3922,0,GPS1_Frame,42.33821533333333,-71.08648316666665,39.1,328116.87816490966,4689437.323179708,19,T,4
1665255083.1149633,209,3923,0,GPS1_Frame,42.33821533333333,-71.08648316666665,39.1,328116.87816490966,4689437.323179708,19,T,4
1665255084.0997384,210,3924,0,GPS1_Frame,42.33821533333333,-71.08648316666665,39.1,328116.87816490966,4689437.323179708,19,T,4
1665255085.1272593,211,3925,0,GPS1_Frame,42.33821533333333,-71.08648316666665,39.1,328116.87816490966,4689437.323179708,19,T,4
1665255086.126688,212,3926,0,GPS1_Frame,42.33821533333333,-71.08648316666665,39.1,328116.87816490966,4689437.323179708,19,T,4
1665255087.1085064,213,3927,0,GPS1_Frame,42.338215166666664,-71.08648316666665,39.1,328116.87771079637,4689437.304672644,19,T,4
1665255088.0910416,214,3928,0,GPS1_Frame,42.33821533333333,-71.08648316666665,39.1,328116.87816490966,4689437.323179708,19,T,4
1665255089.1081645,215,3929,0,GPS1_Frame,42.33821533333333,-71.08648316666665,39.1,328116.87816490966,4689437.323179708,19,T,4
1665255090.1061175,216,3930,0,GPS1_Frame,42.33821533333333,-71.08648316666665,39.1,328116.87816490966,4689437.323179708,19,T,4
1665255091.1248157,217,3931,0,GPS1_Frame,42.33821533333333,-71.08648316666665,39.1,328116.87816490966,4689437.323179708,19,T,4
1665255092.1038053,218,3932,0,GPS1_Frame,42.33821533333333,-71.08648316666665,39.1,328116.87816490966,4689437.323179708,19,T,4
1665255093.1418462,219,3933,0,GPS1_Frame,42.33821533333333,-71.08648316666665,39.1,328116.87816490966,4689437.323179708,19,T,4
1665255094.130842,220,3934,0,GPS1_Frame,42.33821533333333,-71.08648316666665,39.1,328116.87816490966,4689437.323179708,19,T,4
1665255095.1281703,221,3935,0,GPS1_Frame,42.33821533333333,-71.08648316666665,39.1,328116.87816490966,4689437.323179708,19,T,4
1665255096.1201138,222,3936,0,GPS1_Frame,42.33821533333333,-71.08648316666665,39.1,328116.87816490966,4689437.323179708,19,T,4
1665255097.12958,223,3937,0,GPS1_Frame,42.33821533333333,-71.08648316666665,39.1,328116.87816490966,4689437.323179708,19,T,4
1665255098.1283484,224,3938,0,GPS1_Frame,42.33821533333333,-71.08648316666665,39.1,328116.87816490966,4689437.323179708,19,T,4
1665255099.1526148,225,3939,0,GPS1_Frame,42.33821533333333,-71.08648316666665,39.1,328116.87816490966,4689437.323179708,19,T,4
1665255100.1433535,226,3940,0,GPS1_Frame,42.33821533333333,-71.08648316666665,39.1,328116.87816490966,4689437.323179708,19,T,4
1665255101.1425905,227,3941,0,GPS1_Frame,42.33821533333333,-71.08648316666665,39.1,328116.87816490966,4689437.323179708,19,T,4
1665255102.1478357,228,3942,0,GPS1_Frame,42.33821533333333,-71.08648316666665,39.1,328116.87816490966,4689437.323179708,19,T,4
1665255103.1461165,229,3943,0,GPS1_Frame,42.33821533333333,-71.08648316666665,39.1,328116.87816490966,4689437.323179708,19,T,4
1665255104.1023014,230,3944,0,GPS1_Frame,42.33821533333333,-71.08648316666665,39.1,328116.87816490966,4689437.323179708,19,T,4
1665255105.1172512,231,3945,0,GPS1_Frame,42.33821533333333,-71.08648316666665,39.1,328116.87816490966,4689437.323179708,19,T,4
1665255106.097214,232,3946,0,GPS1_Frame,42.33821533333333,-71.08648316666665,39.1,328116.87816490966,4689437.323179708,19,T,4
1665255107.1050694,233,3947,0,GPS1_Frame,42.33821533333333,-71.08648316666665,39.1,328116.87816490966,4689437.323179708,19,T,4
1665255108.1226313,234,3948,0,GPS1_Frame,42.33821533333333,-71.08648316666665,39.1,328116.87816490966,4689437.323179708,19,T,4
1665255109.1035686,235,3949,0,GPS1_Frame,42.33821533333333,-71.08648316666665,39.1,328116.87816490966,4689437.323179708,19,T,4
1665255110.121416,236,3950,0,GPS1_Frame,42.33821533333333,-71.08648316666665,39.1,328116.87816490966,4689437.323179708,19,T,4
1665255111.093714,237,3951,0,GPS1_Frame,42.33821533333333,-71.08648316666665,39.1,328116.87816490966,4689437.323179708,19,T,4
1665255112.0960548,238,3952,0,GPS1_Frame,42.33821533333333,-71.08648316666665,39.1,328116.87816490966,4689437.323179708,19,T,4
1665255113.1046011,239,3953,0,GPS1_Frame,42.33821533333333,-71.08648316666665,39.1,328116.87816490966,4689437.323179708,19,T,4
1665255114.1234477,240,3954,0,GPS1_Frame,42.33821533333333,-71.08648316666665,39.1,328116.87816490966,4689437.323179708,19,T,4
1665255115.1012506,241,3955,0,GPS1_Frame,42.33821533333333,-71.08648316666665,39.1,328116.87816490966,4689437.323179708,19,T,4
1665255116.108277,242,3956,0,GPS1_Frame,42.33821533333333,-71.08648316666665,39.1,328116.87816490966,4689437.323179708,19,T,4
1665255117.115825,243,3957,0,GPS1_Frame,42.33821533333333,-71.08648316666665,39.1,328116.87816490966,4689437.323179708,19,T,4
1665255118.1000502,244,3958,0,GPS1_Frame,42.33821533333333,-71.08648316666665,39.1,328116.87816490966,4689437.323179708,19,T,4
1665255119.1074576,245,3959,0,GPS1_Frame,42.33821533333333,-71.08648316666665,39.1,328116.87816490966,4689437.323179708,19,T,4
1665255120.0995083,246,3900,0,GPS1_Frame,42.33821533333333,-71.08648316666665,39.1,328116.87816490966,4689437.323179708,19,T,4
1665255121.1081939,247,3901,0,GPS1_Frame,42.33821533333333,-71.08648316666665,39.1,328116.87816490966,4689437.323179708,19,T,4
1665255122.0987773,248,3902,0,GPS1_Frame,42.33821533333333,-71.08648316666665,39.1,328116.87816490966,4689437.323179708,19,T,4
1665255123.1110477,249,3903,0,GPS1_Frame,42.33821533333333,-71.08648316666665,39.1,328116.87816490966,4689437.323179708,19,T,4
1665255124.0942404,250,3904,0,GPS1_Frame,42.33821533333333,-71.08648316666665,39.1,328116.87816490966,4689437.323179708,19,T,4
1665255125.113942,251,3905,0,GPS1_Frame,42.33821533333333,-71.08648316666665,39.1,328116.87816490966,4689437.323179708,19,T,4
1665255126.1026814,252,3906,0,GPS1_Frame,42.33821533333333,-71.08648316666665,39.1,328116.87816490966,4689437.323179708,19,T,4
1665255127.1113632,253,3907,0,GPS1_Frame,42.33821533333333,-71.08648316666665,39.1,328116.87816490966,4689437.323179708,19,T,4
1665255128.1154306,254,3908,0,GPS1_Frame,42.33821533333333,-71.08648316666665,39.1,328116.87816490966,4689437.323179708,19,T,4
1665255129.101527,255,3909,0,GPS1_Frame,42.33821533333333,-71.08648316666665,39.1,328116.87816490966,4689437.323179708,19,T,4
1665255130.1175416,256,3910,0,GPS1_Frame,42.33821533333333,-71.08648316666665,39.1,328116.87816490966,4689437.323179708,19,T,4
1665255131.139091,257,3911,0,GPS1_Frame,42.33821533333333,-71.08648316666665,39.1,328116.87816490966,4689437.323179708,19,T,4
1665255132.0954711,258,3912,0,GPS1_Frame,42.33821533333333,-71.08648316666665,39.1,328116.87816490966,4689437.323179708,19,T,4
1665255133.0977087,259,3913,0,GPS1_Frame,42.33821533333333,-71.08648316666665,39.1,328116.87816490966,4689437.323179708,19,T,4
1665255134.110036,260,3914,0,GPS1_Frame,42.33821533333333,-71.08648316666665,39.1,328116.87816490966,4689437.323179708,19,T,4
1665255135.1122482,261,3915,0,GPS1_Frame,42.33821533333333,-71.08648316666665,39.1,328116.87816490966,4689437.323179708,19,T,4
1665255136.1107812,262,3916,0,GPS1_Frame,42.33821533333333,-71.08648316666665,39.1,328116.87816490966,4689437.323179708,19,T,4
1665255137.1426837,263,3917,0,GPS1_Frame,42.33821533333333,-71.08648316666665,39.1,328116.87816490966,4689437.323179708,19,T,4
1665255138.1549146,264,3918,0,GPS1_Frame,42.33821533333333,-71.08648316666665,39.1,328116.87816490966,4689437.323179708,19,T,4
1665255139.1236246,265,3919,0,GPS1_Frame,42.33821533333333,-71.08648316666665,39.1,328116.87816490966,4689437.323179708,19,T,4
1665255140.1425867,266,3920,0,GPS1_Frame,42.33821533333333,-71.08648316666665,39.1,328116.87816490966,4689437.323179708,19,T,4
1665255141.127426,267,3921,0,GPS1_Frame,42.33821533333333,-71.08648316666665,39.1,328116.87816490966,4689437.323179708,19,T,4
1665255142.139789,268,3922,0,GPS1_Frame,42.33821533333333,-71.08648316666665,39.1,328116.87816490966,4689437.323179708,19,T,4
1665255143.1407573,269,3923,0,GPS1_Frame,42.33821533333333,-71.08648316666665,39.1,328116.87816490966,4689437.323179708,19,T,4
1665255144.1074142,270,3924,0,GPS1_Frame,42.33821533333333,-71.08648316666665,39.1,328116.87816490966,4689437.323179708,19,T,4
1665255145.0967312,271,3925,0,GPS1_Frame,42.33821533333333,-71.08648316666665,39.1,328116.87816490966,4689437.323179708,19,T,4
1665255146.1173832,272,3926,0,GPS1_Frame,42.33821533333333,-71.08648316666665,39.1,328116.87816490966,4689437.323179708,19,T,4
1665255147.1070373,273,3927,0,GPS1_Frame,42.33821549999999,-71.08648349999999,39.2,328116.85115809506,4689437.342360587,19,T,2
1665255148.1161697,274,3928,0,GPS1_Frame,42.33821533333333,-71.08648316666665,39.1,328116.87816490966,4689437.323179708,19,T,4
1665255149.1160681,275,3929,0,GPS1_Frame,42.338215166666664,-71.08648316666665,39.1,328116.87771079637,4689437.304672644,19,T,4
1665255150.1113312,276,3930,0,GPS1_Frame,42.33821533333333,-71.08648316666665,39.1,328116.87816490966,4689437.323179708,19,T,4
1665255151.1070075,277,3931,0,GPS1_Frame,42.33821533333333,-71.08648316666665,39.1,328116.87816490966,4689437.323179708,19,T,4
1665255152.119888,278,3932,0,GPS1_Frame,42.33821533333333,-71.08648316666665,39.1,328116.87816490966,4689437.323179708,19,T,4
1665255153.1020315,279,3933,0,GPS1_Frame,42.33821533333333,-71.08648316666665,39.1,328116.87816490966,4689437.323179708,19,T,4
1665255154.0972438,280,3934,0,GPS1_Frame,42.33821533333333,-71.08648316666665,39.1,328116.87816490966,4689437.323179708,19,T,4
1665255155.12654,281,3935,0,GPS1_Frame,42.33821533333333,-71.08648316666665,39.1,328116.87816490966,4689437.323179708,19,T,4
1665255156.1017787,282,3936,0,GPS1_Frame,42.33821533333333,-71.08648316666665,39.1,328116.87816490966,4689437.323179708,19,T,4
1665255157.1142075,283,3937,0,GPS1_Frame,42.33821533333333,-71.08648316666665,39.1,328116.87816490966,4689437.323179708,19,T,4
1665255158.1073656,284,3938,0,GPS1_Frame,42.33821533333333,-71.08648316666665,39.1,328116.87816490966,4689437.323179708,19,T,4
1665255159.1161284,285,3939,0,GPS1_Frame,42.33821533333333,-71.08648316666665,39.1,328116.87816490966,4689437.323179708,19,T,4
1665255160.1030712,286,3940,0,GPS1_Frame,42.33821533333333,-71.08648316666665,39.1,328116.87816490966,4689437.323179708,19,T,4
1665255161.0957334,287,3941,0,GPS1_Frame,42.33821533333333,-71.08648316666665,39.1,328116.87816490966,4689437.323179708,19,T,4
1665255162.1108298,288,3942,0,GPS1_Frame,42.33821533333333,-71.08648316666665,39.1,328116.87816490966,4689437.323179708,19,T,4
1665255163.1415677,289,3943,0,GPS1_Frame,42.33821533333333,-71.08648316666665,39.1,328116.87816490966,4689437.323179708,19,T,4
1665255164.1321578,290,3944,0,GPS1_Frame,42.33821533333333,-71.08648316666665,39.1,328116.87816490966,4689437.323179708,19,T,4
1665255165.1424773,291,3945,0,GPS1_Frame,42.33821533333333,-71.08648316666665,39.1,328116.87816490966,4689437.323179708,19,T,4
1665255166.1185663,292,3946,0,GPS1_Frame,42.33821533333333,-71.08648316666665,39.1,328116.87816490966,4689437.323179708,19,T,4
1665255167.0856192,293,3947,0,GPS1_Frame,42.33821533333333,-71.08648316666665,39.1,328116.87816490966,4689437.323179708,19,T,4
1665255168.1177876,294,3948,0,GPS1_Frame,42.338215166666664,-71.08648316666665,39.1,328116.87771079637,4689437.304672644,19,T,4
1665255169.0951152,295,3949,0,GPS1_Frame,42.33821533333333,-71.08648316666665,39.1,328116.87816490966,4689437.323179708,19,T,4
1665255170.1060076,296,3950,0,GPS1_Frame,42.33821533333333,-71.08648316666665,39.1,328116.87816490966,4689437.323179708,19,T,4
1665255171.1323342,297,3951,0,GPS1_Frame,42.33821533333333,-71.08648316666665,39.1,328116.87816490966,4689437.323179708,19,T,4
1665255172.1229634,298,3952,0,GPS1_Frame,42.33821533333333,-71.08648316666665,39.1,328116.87816490966,4689437.323179708,19,T,4
1665255173.1111689,299,3953,0,GPS1_Frame,42.33821533333333,-71.08648316666665,39.1,328116.87816490966,4689437.323179708,19,T,4
1665255174.098057,300,3954,0,GPS1_Frame,42.33821533333333,-71.08648316666665,39.1,328116.87816490966,4689437.323179708,19,T,4
1665255175.1011488,301,3955,0,GPS1_Frame,42.33821533333333,-71.08648316666665,39.1,328116.87816490966,4689437.323179708,19,T,4
1665255176.1083968,302,3956,0,GPS1_Frame,42.33821533333333,-71.08648316666665,39.1,328116.87816490966,4689437.323179708,19,T,4
1665255177.1181958,303,3957,0,GPS1_Frame,42.33821533333333,-71.08648316666665,39.1,328116.87816490966,4689437.323179708,19,T,4
1665255178.1063712,304,3958,0,GPS1_Frame,42.33821533333333,-71.08648316666665,39.1,328116.87816490966,4689437.323179708,19,T,4
1665255179.116326,305,3959,0,GPS1_Frame,42.33821533333333,-71.08648316666665,39.1,328116.87816490966,4689437.323179708,19,T,4
1665255180.102909,306,3900,0,GPS1_Frame,42.33821533333333,-71.08648316666665,39.1,328116.87816490966,4689437.323179708,19,T,4
1665255181.118581,307,3901,0,GPS1_Frame,42.33821533333333,-71.08648316666665,39.1,328116.87816490966,4689437.323179708,19,T,4
1665255182.111879,308,3902,0,GPS1_Frame,42.33821533333333,-71.08648316666665,39.1,328116.87816490966,4689437.323179708,19,T,4
1665255183.1106682,309,3903,0,GPS1_Frame,42.33821533333333,-71.08648316666665,39.1,328116.87816490966,4689437.323179708,19,T,4
1665255184.1071682,310,3904,0,GPS1_Frame,42.33821533333333,-71.08648316666665,39.1,328116.87816490966,4689437.323179708,19,T,4
1665255185.117502,311,3905,0,GPS1_Frame,42.33821533333333,-71.08648316666665,39.1,328116.87816490966,4689437.323179708,19,T,4
1665255186.1249583,312,3906,0,GPS1_Frame,42.33821533333333,-71.08648316666665,39.1,328116.87816490966,4689437.323179708,19,T,4
1665255187.1108494,313,3907,0,GPS1_Frame,42.33821533333333,-71.08648316666665,39.1,328116.87816490966,4689437.323179708,19,T,4
1665255188.1289034,314,3908,0,GPS1_Frame,42.33821533333333,-71.08648316666665,39.1,328116.87816490966,4689437.323179708,19,T,4
1665255189.1359146,315,3909,0,GPS1_Frame,42.33821533333333,-71.08648316666665,39.1,328116.87816490966,4689437.323179708,19,T,4
1665255190.1336632,316,3910,0,GPS1_Frame,42.33821533333333,-71.08648316666665,39.1,328116.87816490966,4689437.323179708,19,T,4
1665255191.1380477,317,3911,0,GPS1_Frame,42.33821533333333,-71.08648316666665,39.1,328116.87816490966,4689437.323179708,19,T,4
1665255192.1201482,318,3912,0,GPS1_Frame,42.33821533333333,-71.08648316666665,39.1,328116.87816490966,4689437.323179708,19,T,4
1665255193.1040635,319,3913,0,GPS1_Frame,42.33821533333333,-71.08648316666665,39.1,328116.87816490966,4689437.323179708,19,T,4
1665255194.1409757,320,3914,0,GPS1_Frame,42.33821533333333,-71.08648316666665,39.1,328116.87816490966,4689437.323179708,19,T,4
1665255195.1227632,321,3915,0,GPS1_Frame,42.33821533333333,-71.08648316666665,39.1,328116.87816490966,4689437.323179708,19,T,4
1665255196.1529534,322,3916,0,GPS1_Frame,42.33821533333333,-71.08648316666665,39.1,328116.87816490966,4689437.323179708,19,T,4
1665255197.1238623,323,3917,0,GPS1_Frame,42.33821533333333,-71.08648316666665,39.1,328116.87816490966,4689437.323179708,19,T,4
1665255198.1406732,324,3918,0,GPS1_Frame,42.33821533333333,-71.08648316666665,39.1,328116.87816490966,4689437.323179708,19,T,4
1665255199.1539466,325,3919,0,GPS1_Frame,42.33821533333333,-71.08648316666665,39.1,328116.87816490966,4689437.323179708,19,T,4
1665255200.137228,326,3920,0,GPS1_Frame,42.33821533333333,-71.08648316666665,39.1,328116.87816490966,4689437.323179708,19,T,4
1665255201.1297495,327,3921,0,GPS1_Frame,42.33821533333333,-71.08648316666665,39.1,328116.87816490966,4689437.323179708,19,T,4
1665255202.1307566,328,3922,0,GPS1_Frame,42.33821533333333,-71.08648316666665,39.1,328116.87816490966,4689437.323179708,19,T,4
1665255203.1261556,329,3923,0,GPS1_Frame,42.33821533333333,-71.08648316666665,39.1,328116.87816490966,4689437.323179708,19,T,4
1665255204.1507642,330,3924,0,GPS1_Frame,42.33821533333333,-71.08648316666665,39.1,328116.87816490966,4689437.323179708,19,T,4
1665255205.137206,331,3925,0,GPS1_Frame,42.33821533333333,-71.08648316666665,39.1,328116.87816490966,4689437.323179708,19,T,4
1665255206.1351492,332,3926,0,GPS1_Frame,42.33821533333333,-71.08648316666665,39.1,328116.87816490966,4689437.323179708,19,T,4
1665255207.1418502,333,3927,0,GPS1_Frame,42.33821533333333,-71.08648316666665,39.1,328116.87816490966,4689437.323179708,19,T,4
1665255208.1356757,334,3928,0,GPS1_Frame,42.33821533333333,-71.08648316666665,39.1,328116.87816490966,4689437.323179708,19,T,4
1665255209.127561,335,3929,0,GPS1_Frame,42.33821533333333,-71.08648316666665,39.1,328116.87816490966,4689437.323179708,19,T,4
1665255210.1510084,336,3930,0,GPS1_Frame,42.33821533333333,-71.08648316666665,39.1,328116.87816490966,4689437.323179708,19,T,4
1665255211.1417992,337,3931,0,GPS1_Frame,42.338215166666664,-71.08648316666665,39.1,328116.87771079637,4689437.304672644,19,T,4
1665255212.135804,338,3932,0,GPS1_Frame,42.33821533333333,-71.08648316666665,39.1,328116.87816490966,4689437.323179708,19,T,4
1665255213.1307235,339,3933,0,GPS1_Frame,42.33821533333333,-71.08648316666665,39.1,328116.87816490966,4689437.323179708,19,T,4
1665255214.1459305,340,3934,0,GPS1_Frame,42.33821533333333,-71.08648316666665,39.1,328116.87816490966,4689437.323179708,19,T,4
1665255215.140656,341,3935,0,GPS1_Frame,42.33821533333333,-71.08648316666665,39.1,328116.87816490966,4689437.323179708,19,T,4
1665255216.1376715,342,3936,0,GPS1_Frame,42.338215166666664,-71.08648316666665,39.1,328116.87771079637,4689437.304672644,19,T,4
1665255217.1336355,343,3937,0,GPS1_Frame,42.338215166666664,-71.08648316666665,39.1,328116.87771079637,4689437.304672644,19,T,4
1665255218.1428552,344,3938,0,GPS1_Frame,42.33821533333333,-71.08648316666665,39.1,328116.87816490966,4689437.323179708,19,T,4
1665255219.1445227,345,3939,0,GPS1_Frame,42.33821533333333,-71.08648316666665,39.1,328116.87816490966,4689437.323179708,19,T,4
1665255220.1354141,346,3940,0,GPS1_Frame,42.33821533333333,-71.08648316666665,39.1,328116.87816490966,4689437.323179708,19,T,4
1665255221.121835,347,3941,0,GPS1_Frame,42.33821533333333,-71.08648316666665,39.1,328116.87816490966,4689437.323179708,19,T,4
1665255222.1408465,348,3942,0,GPS1_Frame,42.33821549999999,-71.08648316666665,39.1,328116.87861902296,4689437.341686769,19,T,2
1665255223.1274314,349,3943,0,GPS1_Frame,42.33821533333333,-71.08648316666665,39.1,328116.87816490966,4689437.323179708,19,T,4
1665255224.1108844,350,3944,0,GPS1_Frame,42.33821533333333,-71.08648316666665,39.1,328116.87816490966,4689437.323179708,19,T,4
1665255225.1238317,351,3945,0,GPS1_Frame,42.33821533333333,-71.08648316666665,39.1,328116.87816490966,4689437.323179708,19,T,4
1665255226.1177742,352,3946,0,GPS1_Frame,42.33821533333333,-71.08648316666665,39.1,328116.87816490966,4689437.323179708,19,T,4
1665255227.1033523,353,3947,0,GPS1_Frame,42.33821533333333,-71.08648316666665,39.1,328116.87816490966,4689437.323179708,19,T,4
1665255228.1180503,354,3948,0,GPS1_Frame,42.33821533333333,-71.08648316666665,39.1,328116.87816490966,4689437.323179708,19,T,4
1665255229.1036856,355,3949,0,GPS1_Frame,42.338215166666664,-71.08648316666665,39.1,328116.87771079637,4689437.304672644,19,T,4
1665255230.108852,356,3950,0,GPS1_Frame,42.33821533333333,-71.08648316666665,39.1,328116.87816490966,4689437.323179708,19,T,4
1665255231.1188874,357,3951,0,GPS1_Frame,42.33821533333333,-71.08648316666665,39.1,328116.87816490966,4689437.323179708,19,T,4
1665255232.1046154,358,3952,0,GPS1_Frame,42.33821533333333,-71.08648316666665,39.1,328116.87816490966,4689437.323179708,19,T,4
1665255233.121145,359,3953,0,GPS1_Frame,42.33821533333333,-71.08648316666665,39.1,328116.87816490966,4689437.323179708,19,T,4
1665255234.113789,360,3954,0,GPS1_Frame,42.33821533333333,-71.08648316666665,39.1,328116.87816490966,4689437.323179708,19,T,4
1665255235.1050596,361,3955,0,GPS1_Frame,42.338215166666664,-71.08648316666665,39.1,328116.87771079637,4689437.304672644,19,T,4
1665255236.1479332,362,3956,0,GPS1_Frame,42.33821533333333,-71.08648316666665,39.1,328116.87816490966,4689437.323179708,19,T,4
1665255237.1085632,363,3957,0,GPS1_Frame,42.33821533333333,-71.08648316666665,39.1,328116.87816490966,4689437.323179708,19,T,4
1665255238.1264338,364,3958,0,GPS1_Frame,42.33821533333333,-71.08648316666665,39.1,328116.87816490966,4689437.323179708,19,T,4
1665255239.1301162,365,3959,0,GPS1_Frame,42.33821533333333,-71.08648316666665,39.1,328116.87816490966,4689437.323179708,19,T,4
1665255240.148534,366,3900,0,GPS1_Frame,42.33821533333333,-71.08648316666665,39.1,328116.87816490966,4689437.323179708,19,T,4
1665255241.138933,367,3901,0,GPS1_Frame,42.338215166666664,-71.08648316666665,39.1,328116.87771079637,4689437.304672644,19,T,4
1665255242.1574724,368,3902,0,GPS1_Frame,42.33821533333333,-71.08648316666665,39.1,328116.87816490966,4689437.323179708,19,T,4
1665255243.1460073,369,3903,0,GPS1_Frame,42.33821533333333,-71.08648316666665,39.1,328116.87816490966,4689437.323179708,19,T,4
1665255244.1322958,370,3904,0,GPS1_Frame,42.33821533333333,-71.08648316666665,39.1,328116.87816490966,4689437.323179708,19,T,4
1665255245.1536992,371,3905,0,GPS1_Frame,42.33821533333333,-71.08648316666665,39.1,328116.87816490966,4689437.323179708,19,T,4
1665255246.139987,372,3906,0,GPS1_Frame,42.33821533333333,-71.08648316666665,39.1,328116.87816490966,4689437.323179708,19,T,4
1665255247.1407154,373,3907,0,GPS1_Frame,42.33821533333333,-71.08648316666665,39.1,328116.87816490966,4689437.323179708,19,T,4
1665255248.1393101,374,3908,0,GPS1_Frame,42.33821533333333,-71.08648316666665,39.1,328116.87816490966,4689437.323179708,19,T,4
1665255249.1339955,375,3909,0,GPS1_Frame,42.33821533333333,-71.08648316666665,39.1,328116.87816490966,4689437.323179708,19,T,4
1665255250.1358695,376,3910,0,GPS1_Frame,42.33821533333333,-71.08648316666665,39.1,328116.87816490966,4689437.323179708,19,T,4
1665255251.1316159,377,3911,0,GPS1_Frame,42.33821533333333,-71.08648316666665,39.1,328116.87816490966,4689437.323179708,19,T,4
1665255252.1568098,378,3912,0,GPS1_Frame,42.33821533333333,-71.08648316666665,39.1,328116.87816490966,4689437.323179708,19,T,4
1665255253.1324801,379,3913,0,GPS1_Frame,42.33821533333333,-71.08648316666665,39.1,328116.87816490966,4689437.323179708,19,T,4
1665255254.1377728,380,3914,0,GPS1_Frame,42.33821533333333,-71.08648316666665,39.1,328116.87816490966,4689437.323179708,19,T,4
1665255255.147052,381,3915,0,GPS1_Frame,42.33821533333333,-71.08648316666665,39.1,328116.87816490966,4689437.323179708,19,T,4
1665255256.1356027,382,3916,0,GPS1_Frame,42.33821533333333,-71.08648316666665,39.1,328116.87816490966,4689437.323179708,19,T,4
1665255257.1221457,383,3917,0,GPS1_Frame,42.33821533333333,-71.08648316666665,39.1,328116.87816490966,4689437.323179708,19,T,4
1665255258.1367295,384,3918,0,GPS1_Frame,42.33821533333333,-71.08648316666665,39.1,328116.87816490966,4689437.323179708,19,T,4
1665255259.1406007,385,3919,0,GPS1_Frame,42.33821533333333,-71.08648316666665,39.1,328116.87816490966,4689437.323179708,19,T,4
1665255260.1403697,386,3920,0,GPS1_Frame,42.33821533333333,-71.08648316666665,39.1,328116.87816490966,4689437.323179708,19,T,4
1665255261.1551197,387,3921,0,GPS1_Frame,42.33821533333333,-71.08648316666665,39.1,328116.87816490966,4689437.323179708,19,T,4
1665255262.1422539,388,3922,0,GPS1_Frame,42.33821533333333,-71.08648316666665,39.1,328116.87816490966,4689437.323179708,19,T,4
1665255263.1409793,389,3923,0,GPS1_Frame,42.33821533333333,-71.08648316666665,39.1,328116.87816490966,4689437.323179708,19,T,4
1665255264.1399522,390,3924,0,GPS1_Frame,42.33821533333333,-71.08648316666665,39.1,328116.87816490966,4689437.323179708,19,T,4
1665255265.111566,391,3925,0,GPS1_Frame,42.33821533333333,-71.08648316666665,39.1,328116.87816490966,4689437.323179708,19,T,4
1665255266.1367686,392,3926,0,GPS1_Frame,42.33821533333333,-71.08648316666665,39.1,328116.87816490966,4689437.323179708,19,T,4
1665255267.1453226,393,3927,0,GPS1_Frame,42.33821533333333,-71.08648316666665,39.1,328116.87816490966,4689437.323179708,19,T,4
1665255268.148553,394,3928,0,GPS1_Frame,42.33821533333333,-71.08648316666665,39.1,328116.87816490966,4689437.323179708,19,T,4
1665255269.1479263,395,3929,0,GPS1_Frame,42.33821533333333,-71.08648316666665,39.1,328116.87816490966,4689437.323179708,19,T,4
1665255270.1356664,396,3930,0,GPS1_Frame,42.33821533333333,-71.08648316666665,39.1,328116.87816490966,4689437.323179708,19,T,4
1665255271.1499019,397,3931,0,GPS1_Frame,42.33821533333333,-71.08648316666665,39.1,328116.87816490966,4689437.323179708,19,T,4
1665255272.1259181,398,3932,0,GPS1_Frame,42.33821533333333,-71.08648316666665,39.1,328116.87816490966,4689437.323179708,19,T,4
1665255273.1104558,399,3933,0,GPS1_Frame,42.33821533333333,-71.08648316666665,39.1,328116.87816490966,4689437.323179708,19,T,4
1665255274.1343167,400,3934,0,GPS1_Frame,42.33821533333333,-71.08648316666665,39.1,328116.87816490966,4689437.323179708,19,T,4
1665255275.1312468,401,3935,0,GPS1_Frame,42.33821533333333,-71.08648316666665,39.1,328116.87816490966,4689437.323179708,19,T,4
1665255276.1198494,402,3936,0,GPS1_Frame,42.33821533333333,-71.08648316666665,39.1,328116.87816490966,4689437.323179708,19,T,4
1665255277.1238468,403,3937,0,GPS1_Frame,42.33821533333333,-71.08648316666665,39.1,328116.87816490966,4689437.323179708,19,T,4
1665255278.144695,404,3938,0,GPS1_Frame,42.33821533333333,-71.08648316666665,39.1,328116.87816490966,4689437.323179708,19,T,4
1665255279.133583,405,3939,0,GPS1_Frame,42.33821533333333,-71.08648316666665,39.1,328116.87816490966,4689437.323179708,19,T,4
1665255280.108549,406,3940,0,GPS1_Frame,42.33821533333333,-71.08648316666665,39.1,328116.87816490966,4689437.323179708,19,T,4
1665255281.1383731,407,3941,0,GPS1_Frame,42.33821533333333,-71.08648316666665,39.1,328116.87816490966,4689437.323179708,19,T,4
1665255282.1637435,408,3942,0,GPS1_Frame,42.33821533333333,-71.08648316666665,39.1,328116.87816490966,4689437.323179708,19,T,4
1665255283.111902,409,3943,0,GPS1_Frame,42.33821533333333,-71.08648316666665,39.1,328116.87816490966,4689437.323179708,19,T,4
1665255284.1131165,410,3944,0,GPS1_Frame,42.33821533333333,-71.08648316666665,39.1,328116.87816490966,4689437.323179708,19,T,4
1665255285.104085,411,3945,0,GPS1_Frame,42.338215166666664,-71.08648316666665,39.1,328116.87771079637,4689437.304672644,19,T,4
1665255286.0938053,412,3946,0,GPS1_Frame,42.33821533333333,-71.08648316666665,39.1,328116.87816490966,4689437.323179708,19,T,4
1665255287.1513608,413,3947,0,GPS1_Frame,42.33821533333333,-71.08648316666665,39.1,328116.87816490966,4689437.323179708,19,T,4
1665255288.114058,414,3948,0,GPS1_Frame,42.33821533333333,-71.08648316666665,39.1,328116.87816490966,4689437.323179708,19,T,4
1665255289.1036658,415,3949,0,GPS1_Frame,42.33821533333333,-71.08648316666665,39.1,328116.87816490966,4689437.323179708,19,T,4
1665255290.1066115,416,3950,0,GPS1_Frame,42.33821533333333,-71.08648316666665,39.1,328116.87816490966,4689437.323179708,19,T,4
1665255291.1423526,417,3951,0,GPS1_Frame,42.33821533333333,-71.08648316666665,39.1,328116.87816490966,4689437.323179708,19,T,4
1665255292.0979257,418,3952,0,GPS1_Frame,42.338215166666664,-71.08648316666665,39.1,328116.87771079637,4689437.304672644,19,T,4
1665255293.09949,419,3953,0,GPS1_Frame,42.338215166666664,-71.08648316666665,39.1,328116.87771079637,4689437.304672644,19,T,4
1665255294.1183732,420,3954,0,GPS1_Frame,42.33821533333333,-71.08648316666665,39.1,328116.87816490966,4689437.323179708,19,T,4
1665255295.110479,421,3955,0,GPS1_Frame,42.33821533333333,-71.08648316666665,39.1,328116.87816490966,4689437.323179708,19,T,4
1665255296.1159263,422,3956,0,GPS1_Frame,42.33821533333333,-71.08648316666665,39.1,328116.87816490966,4689437.323179708,19,T,4
1665255297.122929,423,3957,0,GPS1_Frame,42.33821533333333,-71.08648316666665,39.1,328116.87816490966,4689437.323179708,19,T,4
1665255298.1073306,424,3958,0,GPS1_Frame,42.33821533333333,-71.08648316666665,39.1,328116.87816490966,4689437.323179708,19,T,4
1665255299.1061075,425,3959,0,GPS1_Frame,42.33821533333333,-71.08648316666665,39.1,328116.87816490966,4689437.323179708,19,T,4
1665255300.1023355,426,3900,0,GPS1_Frame,42.33821533333333,-71.08648316666665,39.1,328116.87816490966,4689437.323179708,19,T,4
1665255301.1061954,427,3901,0,GPS1_Frame,42.33821533333333,-71.08648316666665,39.1,328116.87816490966,4689437.323179708,19,T,4
1665255302.102234,428,3902,0,GPS1_Frame,42.338215166666664,-71.08648316666665,39.1,328116.87771079637,4689437.304672644,19,T,4
1665255303.111896,429,3903,0,GPS1_Frame,42.338215166666664,-71.08648316666665,39.1,328116.87771079637,4689437.304672644,19,T,4
1665255304.1121738,430,3904,0,GPS1_Frame,42.33821533333333,-71.08648316666665,39.1,328116.87816490966,4689437.323179708,19,T,4
1665255305.112133,431,3905,0,GPS1_Frame,42.33821533333333,-71.08648316666665,39.1,328116.87816490966,4689437.323179708,19,T,4
1665255306.1069438,432,3906,0,GPS1_Frame,42.33821533333333,-71.08648316666665,39.1,328116.87816490966,4689437.323179708,19,T,4
1665255307.1140869,433,3907,0,GPS1_Frame,42.33821533333333,-71.08648316666665,39.1,328116.87816490966,4689437.323179708,19,T,4
1665255308.126131,434,3908,0,GPS1_Frame,42.33821533333333,-71.08648316666665,39.1,328116.87816490966,4689437.323179708,19,T,4
1665255309.1080122,435,3909,0,GPS1_Frame,42.33821533333333,-71.08648316666665,39.1,328116.87816490966,4689437.323179708,19,T,4
1665255310.1139584,436,3910,0,GPS1_Frame,42.33821533333333,-71.08648316666665,39.1,328116.87816490966,4689437.323179708,19,T,4
1665255311.1132934,437,3911,0,GPS1_Frame,42.33821533333333,-71.08648316666665,39.1,328116.87816490966,4689437.323179708,19,T,4
1665255312.121554,438,3912,0,GPS1_Frame,42.33821533333333,-71.08648316666665,39.1,328116.87816490966,4689437.323179708,19,T,4
1665255313.1304233,439,3913,0,GPS1_Frame,42.33821533333333,-71.08648316666665,39.1,328116.87816490966,4689437.323179708,19,T,4
1665255314.1186147,440,3914,0,GPS1_Frame,42.33821533333333,-71.08648316666665,39.1,328116.87816490966,4689437.323179708,19,T,4
1665255315.1213899,441,3915,0,GPS1_Frame,42.33821533333333,-71.08648316666665,39.1,328116.87816490966,4689437.323179708,19,T,4
1665255316.113067,442,3916,0,GPS1_Frame,42.33821533333333,-71.08648316666665,39.1,328116.87816490966,4689437.323179708,19,T,4
1665255317.1147473,443,3917,0,GPS1_Frame,42.338215166666664,-71.08648316666665,39.1,328116.87771079637,4689437.304672644,19,T,4
1665255318.0947003,444,3918,0,GPS1_Frame,42.33821533333333,-71.08648316666665,39.1,328116.87816490966,4689437.323179708,19,T,4
1665255319.104407,445,3919,0,GPS1_Frame,42.33821533333333,-71.08648316666665,39.1,328116.87816490966,4689437.323179708,19,T,4
1665255320.0897284,446,3920,0,GPS1_Frame,42.33821533333333,-71.08648316666665,39.1,328116.87816490966,4689437.323179708,19,T,4
1665255321.1082466,447,3921,0,GPS1_Frame,42.33821533333333,-71.08648316666665,39.1,328116.87816490966,4689437.323179708,19,T,4
1665255322.1179996,448,3922,0,GPS1_Frame,42.33821533333333,-71.08648316666665,39.1,328116.87816490966,4689437.323179708,19,T,4
1665255323.102859,449,3923,0,GPS1_Frame,42.33821533333333,-71.08648316666665,39.1,328116.87816490966,4689437.323179708,19,T,4
1665255324.106487,450,3924,0,GPS1_Frame,42.33821533333333,-71.08648316666665,39.1,328116.87816490966,4689437.323179708,19,T,4
1665255325.1082263,451,3925,0,GPS1_Frame,42.33821533333333,-71.08648316666665,39.1,328116.87816490966,4689437.323179708,19,T,4
1665255326.0967278,452,3926,0,GPS1_Frame,42.33821533333333,-71.08648316666665,39.1,328116.87816490966,4689437.323179708,19,T,4
1665255327.1485958,453,3927,0,GPS1_Frame,42.33821533333333,-71.08648316666665,39.1,328116.87816490966,4689437.323179708,19,T,4
1665255328.1148996,454,3928,0,GPS1_Frame,42.33821533333333,-71.08648316666665,39.1,328116.87816490966,4689437.323179708,19,T,4
1665255329.1083312,455,3929,0,GPS1_Frame,42.33821533333333,-71.08648316666665,39.1,328116.87816490966,4689437.323179708,19,T,4
1665255330.1088662,456,3930,0,GPS1_Frame,42.33821533333333,-71.08648316666665,39.1,328116.87816490966,4689437.323179708,19,T,4
1665255331.0927627,457,3931,0,GPS1_Frame,42.33821533333333,-71.08648316666665,39.1,328116.87816490966,4689437.323179708,19,T,4
1665255332.1073525,458,3932,0,GPS1_Frame,42.33821533333333,-71.08648316666665,39.1,328116.87816490966,4689437.323179708,19,T,4
1665255333.103099,459,3933,0,GPS1_Frame,42.33821533333333,-71.08648316666665,39.1,328116.87816490966,4689437.323179708,19,T,4
1665255334.101141,460,3934,0,GPS1_Frame,42.33821533333333,-71.08648316666665,39.1,328116.87816490966,4689437.323179708,19,T,4
1665255335.1010625,461,3935,0,GPS1_Frame,42.33821533333333,-71.08648316666665,39.1,328116.87816490966,4689437.323179708,19,T,4
1665255336.1092079,462,3936,0,GPS1_Frame,42.33821533333333,-71.08648316666665,39.1,328116.87816490966,4689437.323179708,19,T,4
1665255337.0959992,463,3937,0,GPS1_Frame,42.33821533333333,-71.08648316666665,39.1,328116.87816490966,4689437.323179708,19,T,4
1665255338.0939984,464,3938,0,GPS1_Frame,42.33821533333333,-71.08648316666665,39.1,328116.87816490966,4689437.323179708,19,T,4
1665255339.1030486,465,3939,0,GPS1_Frame,42.33821533333333,-71.08648316666665,39.1,328116.87816490966,4689437.323179708,19,T,4
1665255340.1096957,466,3940,0,GPS1_Frame,42.33821533333333,-71.08648316666665,39.1,328116.87816490966,4689437.323179708,19,T,4
1665255341.1202502,467,3941,0,GPS1_Frame,42.33821533333333,-71.08648316666665,39.1,328116.87816490966,4689437.323179708,19,T,4
1665255342.1126595,468,3942,0,GPS1_Frame,42.33821533333333,-71.08648316666665,39.1,328116.87816490966,4689437.323179708,19,T,4
1665255343.104531,469,3943,0,GPS1_Frame,42.33821533333333,-71.08648316666665,39.1,328116.87816490966,4689437.323179708,19,T,4
1665255344.0940073,470,3944,0,GPS1_Frame,42.33821533333333,-71.08648316666665,39.1,328116.87816490966,4689437.323179708,19,T,4
1665255345.1095192,471,3945,0,GPS1_Frame,42.33821533333333,-71.08648316666665,39.1,328116.87816490966,4689437.323179708,19,T,4
1665255346.1122441,472,3946,0,GPS1_Frame,42.338215166666664,-71.08648316666665,39.1,328116.87771079637,4689437.304672644,19,T,4
1665255347.126725,473,3947,0,GPS1_Frame,42.33821533333333,-71.08648316666665,39.1,328116.87816490966,4689437.323179708,19,T,4
1665255348.0995545,474,3948,0,GPS1_Frame,42.33821533333333,-71.08648316666665,39.1,328116.87816490966,4689437.323179708,19,T,4
1665255349.1269329,475,3949,0,GPS1_Frame,42.33821533333333,-71.08648316666665,39.1,328116.87816490966,4689437.323179708,19,T,4
1665255350.1132715,476,3950,0,GPS1_Frame,42.338215166666664,-71.08648316666665,39.1,328116.87771079637,4689437.304672644,19,T,4
1665255351.1135795,477,3951,0,GPS1_Frame,42.33821533333333,-71.08648316666665,39.1,328116.87816490966,4689437.323179708,19,T,4
1665255352.1130862,478,3952,0,GPS1_Frame,42.33821533333333,-71.08648316666665,39.1,328116.87816490966,4689437.323179708,19,T,4
1665255353.108111,479,3953,0,GPS1_Frame,42.33821533333333,-71.08648316666665,39.1,328116.87816490966,4689437.323179708,19,T,4
1665255354.116714,480,3954,0,GPS1_Frame,42.33821533333333,-71.08648316666665,39.1,328116.87816490966,4689437.323179708,19,T,4
1665255355.1085873,481,3955,0,GPS1_Frame,42.33821533333333,-71.08648316666665,39.1,328116.87816490966,4689437.323179708,19,T,4
1665255356.10209,482,3956,0,GPS1_Frame,42.33821533333333,-71.08648316666665,39.1,328116.87816490966,4689437.323179708,19,T,4
1665255357.1111367,483,3957,0,GPS1_Frame,42.33821533333333,-71.08648316666665,39.1,328116.87816490966,4689437.323179708,19,T,4
1665255358.1048348,484,3958,0,GPS1_Frame,42.33821533333333,-71.08648316666665,39.1,328116.87816490966,4689437.323179708,19,T,4
1665255359.1073318,485,3959,0,GPS1_Frame,42.33821533333333,-71.08648316666665,39.1,328116.87816490966,4689437.323179708,19,T,4
1665255360.10536,486,3900,0,GPS1_Frame,42.338215166666664,-71.08648316666665,39.1,328116.87771079637,4689437.304672644,19,T,4
1665255361.1060345,487,3901,0,GPS1_Frame,42.33821533333333,-71.08648316666665,39.1,328116.87816490966,4689437.323179708,19,T,4
1665255362.122113,488,3902,0,GPS1_Frame,42.33821533333333,-71.08648316666665,39.1,328116.87816490966,4689437.323179708,19,T,4
1665255363.0985386,489,3903,0,GPS1_Frame,42.33821533333333,-71.08648316666665,39.1,328116.87816490966,4689437.323179708,19,T,4
1665255364.1415875,490,3904,0,GPS1_Frame,42.33821533333333,-71.08648316666665,39.1,328116.87816490966,4689437.323179708,19,T,4
1665255365.1461265,491,3905,0,GPS1_Frame,42.33821533333333,-71.08648316666665,39.1,328116.87816490966,4689437.323179708,19,T,4
1665255366.1553855,492,3906,0,GPS1_Frame,42.33821533333333,-71.08648316666665,39.1,328116.87816490966,4689437.323179708,19,T,4
1665255367.1455946,493,3907,0,GPS1_Frame,42.33821533333333,-71.08648316666665,39.1,328116.87816490966,4689437.323179708,19,T,4
1665255368.1080837,494,3908,0,GPS1_Frame,42.33821533333333,-71.08648316666665,39.2,328116.87816490966,4689437.323179708,19,T,4
1665255369.1415298,495,3909,0,GPS1_Frame,42.33821533333333,-71.086483,39.2,328116.8918953716,4689437.322842799,19,T,4
1665255370.1468189,496,3910,0,GPS1_Frame,42.33821533333333,-71.08648316666665,39.2,328116.87816490966,4689437.323179708,19,T,4
1665255371.0999506,497,3911,0,GPS1_Frame,42.338215166666664,-71.08648316666665,39.1,328116.87771079637,4689437.304672644,19,T,4
1665255372.1063206,498,3912,0,GPS1_Frame,42.33821533333333,-71.08648316666665,39.1,328116.87816490966,4689437.323179708,19,T,4
1665255373.104262,499,3913,0,GPS1_Frame,42.338215166666664,-71.08648316666665,39.1,328116.87771079637,4689437.304672644,19,T,4
1665255374.0908072,500,3914,0,GPS1_Frame,42.33821533333333,-71.08648316666665,39.1,328116.87816490966,4689437.323179708,19,T,4
1665255375.1310272,501,3915,0,GPS1_Frame,42.33821533333333,-71.08648316666665,39.1,328116.87816490966,4689437.323179708,19,T,4
1665255376.1082115,502,3916,0,GPS1_Frame,42.33821533333333,-71.08648316666665,39.1,328116.87816490966,4689437.323179708,19,T,4
1665255377.121546,503,3917,0,GPS1_Frame,42.33821533333333,-71.08648316666665,39.1,328116.87816490966,4689437.323179708,19,T,4
1665255378.1104133,504,3918,0,GPS1_Frame,42.33821533333333,-71.08648316666665,39.1,328116.87816490966,4689437.323179708,19,T,4
1665255379.1261392,505,3919,0,GPS1_Frame,42.338215166666664,-71.08648316666665,39.1,328116.87771079637,4689437.304672644,19,T,4
1665255380.1198692,506,3920,0,GPS1_Frame,42.33821533333333,-71.08648316666665,39.1,328116.87816490966,4689437.323179708,19,T,4
1665255381.1055832,507,3921,0,GPS1_Frame,42.33821533333333,-71.08648316666665,39.1,328116.87816490966,4689437.323179708,19,T,4
1665255382.105554,508,3922,0,GPS1_Frame,42.33821533333333,-71.08648316666665,39.1,328116.87816490966,4689437.323179708,19,T,4
1665255383.1105604,509,3923,0,GPS1_Frame,42.338215166666664,-71.08648316666665,39.1,328116.87771079637,4689437.304672644,19,T,4
1665255384.1157413,510,3924,0,GPS1_Frame,42.338215166666664,-71.08648316666665,39.1,328116.87771079637,4689437.304672644,19,T,4
1665255385.1064317,511,3925,0,GPS1_Frame,42.33821533333333,-71.08648316666665,39.1,328116.87816490966,4689437.323179708,19,T,4
1665255386.1376824,512,3926,0,GPS1_Frame,42.338215166666664,-71.08648316666665,39.1,328116.87771079637,4689437.304672644,19,T,4
1665255387.1461835,513,3927,0,GPS1_Frame,42.338215166666664,-71.08648316666665,39.1,328116.87771079637,4689437.304672644,19,T,4
1665255388.1386144,514,3928,0,GPS1_Frame,42.338215166666664,-71.08648316666665,39.1,328116.87771079637,4689437.304672644,19,T,4
1665255389.1143441,515,3929,0,GPS1_Frame,42.33821533333333,-71.08648316666665,39.1,328116.87816490966,4689437.323179708,19,T,4
1665255390.1156094,516,3930,0,GPS1_Frame,42.33821533333333,-71.08648316666665,39.1,328116.87816490966,4689437.323179708,19,T,4
1665255391.111439,517,3931,0,GPS1_Frame,42.338215166666664,-71.08648316666665,39.1,328116.87771079637,4689437.304672644,19,T,4
1665255392.0968134,518,3932,0,GPS1_Frame,42.33821533333333,-71.08648316666665,39.1,328116.87816490966,4689437.323179708,19,T,4
1665255393.1056077,519,3933,0,GPS1_Frame,42.33821533333333,-71.08648316666665,39.1,328116.87816490966,4689437.323179708,19,T,4
1665255394.0996952,520,3934,0,GPS1_Frame,42.338215166666664,-71.08648316666665,39.1,328116.87771079637,4689437.304672644,19,T,4
1665255395.1062438,521,3935,0,GPS1_Frame,42.338215166666664,-71.08648316666665,39.1,328116.87771079637,4689437.304672644,19,T,4
1665255396.1113427,522,3936,0,GPS1_Frame,42.338215166666664,-71.08648316666665,39.1,328116.87771079637,4689437.304672644,19,T,4
1665255397.1169655,523,3937,0,GPS1_Frame,42.338215166666664,-71.08648316666665,39.1,328116.87771079637,4689437.304672644,19,T,4
1665255398.1196322,524,3938,0,GPS1_Frame,42.33821533333333,-71.08648316666665,39.1,328116.87816490966,4689437.323179708,19,T,4
1665255399.103182,525,3939,0,GPS1_Frame,42.33821533333333,-71.08648316666665,39.1,328116.87816490966,4689437.323179708,19,T,4
1665255400.1068895,526,3940,0,GPS1_Frame,42.33821533333333,-71.08648316666665,39.1,328116.87816490966,4689437.323179708,19,T,4
1665255401.10554,527,3941,0,GPS1_Frame,42.33821533333333,-71.08648316666665,39.1,328116.87816490966,4689437.323179708,19,T,4
1665255402.1068194,528,3942,0,GPS1_Frame,42.338215166666664,-71.08648316666665,39.1,328116.87771079637,4689437.304672644,19,T,4
1665255403.1204622,529,3943,0,GPS1_Frame,42.338215166666664,-71.08648316666665,39.1,328116.87771079637,4689437.304672644,19,T,4
1665255404.1136308,530,3944,0,GPS1_Frame,42.33821533333333,-71.08648316666665,39.1,328116.87816490966,4689437.323179708,19,T,4
1665255405.123175,531,3945,0,GPS1_Frame,42.33821533333333,-71.08648316666665,39.1,328116.87816490966,4689437.323179708,19,T,4
1665255406.1179128,532,3946,0,GPS1_Frame,42.338215166666664,-71.08648316666665,39.1,328116.87771079637,4689437.304672644,19,T,4
1665255407.12435,533,3947,0,GPS1_Frame,42.338215166666664,-71.08648316666665,39.1,328116.87771079637,4689437.304672644,19,T,4
1665255408.118663,534,3948,0,GPS1_Frame,42.338215166666664,-71.08648316666665,39.1,328116.87771079637,4689437.304672644,19,T,4
1665255409.1224046,535,3949,0,GPS1_Frame,42.338215166666664,-71.08648316666665,39.1,328116.87771079637,4689437.304672644,19,T,4
1665255410.10651,536,3950,0,GPS1_Frame,42.33821533333333,-71.08648316666665,39.1,328116.87816490966,4689437.323179708,19,T,4
1665255411.1271462,537,3951,0,GPS1_Frame,42.33821533333333,-71.08648316666665,39.1,328116.87816490966,4689437.323179708,19,T,4
1665255412.1132686,538,3952,0,GPS1_Frame,42.338215166666664,-71.08648316666665,39.1,328116.87771079637,4689437.304672644,19,T,4
1665255413.11211,539,3953,0,GPS1_Frame,42.338215166666664,-71.08648316666665,39.1,328116.87771079637,4689437.304672644,19,T,4
1665255414.109198,540,3954,0,GPS1_Frame,42.338215166666664,-71.08648316666665,39.1,328116.87771079637,4689437.304672644,19,T,4
1665255415.1427023,541,3955,0,GPS1_Frame,42.338215166666664,-71.08648316666665,39.1,328116.87771079637,4689437.304672644,19,T,4
1665255416.1355584,542,3956,0,GPS1_Frame,42.338215166666664,-71.08648316666665,39.1,328116.87771079637,4689437.304672644,19,T,4
1665255417.1083438,543,3957,0,GPS1_Frame,42.338215166666664,-71.08648316666665,39.1,328116.87771079637,4689437.304672644,19,T,4
1665255418.1213067,544,3958,0,GPS1_Frame,42.338215166666664,-71.08648316666665,39.1,328116.87771079637,4689437.304672644,19,T,4
1665255419.1357906,545,3959,0,GPS1_Frame,42.33821533333333,-71.08648316666665,39.1,328116.87816490966,4689437.323179708,19,T,4
1665255420.1317248,546,3900,0,GPS1_Frame,42.33821533333333,-71.08648316666665,39.1,328116.87816490966,4689437.323179708,19,T,4
1665255421.1209366,547,3901,0,GPS1_Frame,42.33821533333333,-71.08648316666665,39.1,328116.87816490966,4689437.323179708,19,T,4
1665255422.111516,548,3902,0,GPS1_Frame,42.338215166666664,-71.08648316666665,39.1,328116.87771079637,4689437.304672644,19,T,4
1665255423.1235158,549,3903,0,GPS1_Frame,42.338215166666664,-71.08648316666665,39.1,328116.87771079637,4689437.304672644,19,T,4
1665255424.1071558,550,3904,0,GPS1_Frame,42.338215166666664,-71.08648316666665,39.1,328116.87771079637,4689437.304672644,19,T,4
1665255425.1175318,551,3905,0,GPS1_Frame,42.338215166666664,-71.08648316666665,39.1,328116.87771079637,4689437.304672644,19,T,4
1665255426.1122148,552,3906,0,GPS1_Frame,42.33821533333333,-71.08648316666665,39.1,328116.87816490966,4689437.323179708,19,T,4
1665255427.0977507,553,3907,0,GPS1_Frame,42.33821533333333,-71.08648316666665,39.1,328116.87816490966,4689437.323179708,19,T,4
1665255428.1072342,554,3908,0,GPS1_Frame,42.338215166666664,-71.08648316666665,39.1,328116.87771079637,4689437.304672644,19,T,4
1665255429.113877,555,3909,0,GPS1_Frame,42.338215166666664,-71.08648316666665,39.1,328116.87771079637,4689437.304672644,19,T,4
1665255430.1171553,556,3910,0,GPS1_Frame,42.33821533333333,-71.08648316666665,39.1,328116.87816490966,4689437.323179708,19,T,4
1665255431.106146,557,3911,0,GPS1_Frame,42.33821533333333,-71.08648316666665,39.1,328116.87816490966,4689437.323179708,19,T,4
1665255432.1039908,558,3912,0,GPS1_Frame,42.338215166666664,-71.08648316666665,39.1,328116.87771079637,4689437.304672644,19,T,4
1665255433.1129627,559,3913,0,GPS1_Frame,42.338215166666664,-71.08648316666665,39.1,328116.87771079637,4689437.304672644,19,T,4
1665255434.1000805,560,3914,0,GPS1_Frame,42.338215000000005,-71.08648316666665,38.9,328116.8772566831,4689437.286165583,19,T,2
1665255435.0999198,561,3915,0,GPS1_Frame,42.338214833333325,-71.08648333333333,38.9,328116.86307210353,4689437.267995425,19,T,2
1665255436.1147804,562,3916,0,GPS1_Frame,42.33821533333333,-71.08648316666665,39.1,328116.87816490966,4689437.323179708,19,T,4
1665255437.1000168,563,3917,0,GPS1_Frame,42.33821533333333,-71.08648316666665,39.1,328116.87816490966,4689437.323179708,19,T,4
1665255438.1151795,564,3918,0,GPS1_Frame,42.338215166666664,-71.08648316666665,39.1,328116.87771079637,4689437.304672644,19,T,4
1665255439.1115203,565,3919,0,GPS1_Frame,42.338215166666664,-71.08648316666665,39.1,328116.87771079637,4689437.304672644,19,T,4
1665255440.1324134,566,3920,0,GPS1_Frame,42.33821533333333,-71.08648316666665,39.1,328116.87816490966,4689437.323179708,19,T,4
1665255441.1171763,567,3921,0,GPS1_Frame,42.33821533333333,-71.08648316666665,39.1,328116.87816490966,4689437.323179708,19,T,4
1665255442.1168146,568,3922,0,GPS1_Frame,42.33821533333333,-71.08648316666665,39.1,328116.87816490966,4689437.323179708,19,T,4
1665255443.1145182,569,3923,0,GPS1_Frame,42.33821533333333,-71.08648316666665,39.1,328116.87816490966,4689437.323179708,19,T,4
1665255444.1188414,570,3924,0,GPS1_Frame,42.33821533333333,-71.08648316666665,39.1,328116.87816490966,4689437.323179708,19,T,4
1665255445.1149712,571,3925,0,GPS1_Frame,42.33821533333333,-71.08648316666665,39.1,328116.87816490966,4689437.323179708,19,T,4
1665255446.106751,572,3926,0,GPS1_Frame,42.33821533333333,-71.08648316666665,39.1,328116.87816490966,4689437.323179708,19,T,4
1665255447.1145804,573,3927,0,GPS1_Frame,42.33821533333333,-71.08648316666665,39.1,328116.87816490966,4689437.323179708,19,T,4
1665255448.1520984,574,3928,0,GPS1_Frame,42.33821533333333,-71.08648316666665,39.1,328116.87816490966,4689437.323179708,19,T,4
1665255449.1158445,575,3929,0,GPS1_Frame,42.33821533333333,-71.08648316666665,39.1,328116.87816490966,4689437.323179708,19,T,4
1665255450.1088827,576,3930,0,GPS1_Frame,42.33821533333333,-71.08648316666665,39.1,328116.87816490966,4689437.323179708,19,T,4
1665255451.1075606,577,3931,0,GPS1_Frame,42.33821533333333,-71.08648316666665,39.1,328116.87816490966,4689437.323179708,19,T,4
1665255452.1085339,578,3932,0,GPS1_Frame,42.33821533333333,-71.08648316666665,39.1,328116.87816490966,4689437.323179708,19,T,4
1665255453.1258092,579,3933,0,GPS1_Frame,42.33821533333333,-71.08648316666665,39.1,328116.87816490966,4689437.323179708,19,T,4
1665255454.0991173,580,3934,0,GPS1_Frame,42.33821533333333,-71.08648316666665,39.1,328116.87816490966,4689437.323179708,19,T,4
1665255455.098271,581,3935,0,GPS1_Frame,42.338215166666664,-71.08648316666665,39.1,328116.87771079637,4689437.304672644,19,T,4
1665255456.1347158,582,3936,0,GPS1_Frame,42.338215166666664,-71.08648316666665,39.1,328116.87771079637,4689437.304672644,19,T,4
1665255457.1442635,583,3937,0,GPS1_Frame,42.338215166666664,-71.08648316666665,39.1,328116.87771079637,4689437.304672644,19,T,4
1665255458.1457858,584,3938,0,GPS1_Frame,42.33821533333333,-71.08648316666665,39.1,328116.87816490966,4689437.323179708,19,T,4
1665255459.1571298,585,3939,0,GPS1_Frame,42.33821533333333,-71.08648316666665,39.1,328116.87816490966,4689437.323179708,19,T,4
1665255460.1323159,586,3940,0,GPS1_Frame,42.33821533333333,-71.08648316666665,39.1,328116.87816490966,4689437.323179708,19,T,4
1665255461.1628165,587,3941,0,GPS1_Frame,42.338215166666664,-71.08648316666665,39.1,328116.87771079637,4689437.304672644,19,T,4
1665255462.1465867,588,3942,0,GPS1_Frame,42.33821533333333,-71.08648316666665,39.1,328116.87816490966,4689437.323179708,19,T,4
1665255463.1290789,589,3943,0,GPS1_Frame,42.33821533333333,-71.08648316666665,39.1,328116.87816490966,4689437.323179708,19,T,4
1665255464.1309955,590,3944,0,GPS1_Frame,42.33821533333333,-71.08648316666665,39.1,328116.87816490966,4689437.323179708,19,T,4
1665255465.1419587,591,3945,0,GPS1_Frame,42.33821533333333,-71.08648316666665,39.1,328116.87816490966,4689437.323179708,19,T,4
1665255466.1502974,592,3946,0,GPS1_Frame,42.33821533333333,-71.08648316666665,39.1,328116.87816490966,4689437.323179708,19,T,4
1665255467.1383944,593,3947,0,GPS1_Frame,42.33821533333333,-71.08648316666665,39.1,328116.87816490966,4689437.323179708,19,T,4
1665255468.151238,594,3948,0,GPS1_Frame,42.33821533333333,-71.08648316666665,39.1,328116.87816490966,4689437.323179708,19,T,4
1665255469.1437058,595,3949,0,GPS1_Frame,42.33821533333333,-71.08648316666665,39.1,328116.87816490966,4689437.323179708,19,T,4
1665255470.1599793,596,3950,0,GPS1_Frame,42.33821533333333,-71.08648316666665,39.1,328116.87816490966,4689437.323179708,19,T,4
1665255471.1558678,597,3951,0,GPS1_Frame,42.33821533333333,-71.08648316666665,39.1,328116.87816490966,4689437.323179708,19,T,4
1665255472.1381414,598,3952,0,GPS1_Frame,42.33821533333333,-71.08648316666665,39.1,328116.87816490966,4689437.323179708,19,T,4
1665255473.1325612,599,3953,0,GPS1_Frame,42.33821533333333,-71.08648316666665,39.1,328116.87816490966,4689437.323179708,19,T,4
1665255474.155276,600,3954,0,GPS1_Frame,42.33821533333333,-71.08648316666665,39.1,328116.87816490966,4689437.323179708,19,T,4
1665255475.1384652,601,3955,0,GPS1_Frame,42.33821533333333,-71.08648316666665,39.1,328116.87816490966,4689437.323179708,19,T,4
1665255476.1311083,602,3956,0,GPS1_Frame,42.33821533333333,-71.08648316666665,39.1,328116.87816490966,4689437.323179708,19,T,4
1665255477.1590924,603,3957,0,GPS1_Frame,42.33821533333333,-71.08648316666665,39.1,328116.87816490966,4689437.323179708,19,T,4
1665255478.1504772,604,3958,0,GPS1_Frame,42.33821533333333,-71.08648316666665,39.1,328116.87816490966,4689437.323179708,19,T,4
1665255479.127331,605,3959,0,GPS1_Frame,42.338215166666664,-71.08648316666665,39.1,328116.87771079637,4689437.304672644,19,T,4
1665255480.1066654,606,3900,0,GPS1_Frame,42.338215166666664,-71.08648316666665,39.1,328116.87771079637,4689437.304672644,19,T,4
1665255481.1246643,607,3901,0,GPS1_Frame,42.33821533333333,-71.08648316666665,39.1,328116.87816490966,4689437.323179708,19,T,4
1665255482.1156173,608,3902,0,GPS1_Frame,42.33821533333333,-71.08648316666665,39.1,328116.87816490966,4689437.323179708,19,T,4
1665255483.1059244,609,3903,0,GPS1_Frame,42.33821533333333,-71.08648316666665,39.1,328116.87816490966,4689437.323179708,19,T,4
1665255484.1187527,610,3904,0,GPS1_Frame,42.33821533333333,-71.08648316666665,39.1,328116.87816490966,4689437.323179708,19,T,4
1665255485.09408,611,3905,0,GPS1_Frame,42.33821533333333,-71.08648316666665,39.1,328116.87816490966,4689437.323179708,19,T,4
1665255486.1313837,612,3906,0,GPS1_Frame,42.33821533333333,-71.08648316666665,39.1,328116.87816490966,4689437.323179708,19,T,4
1665255487.1348882,613,3907,0,GPS1_Frame,42.33821533333333,-71.08648316666665,39.1,328116.87816490966,4689437.323179708,19,T,4
1665255488.1023695,614,3908,0,GPS1_Frame,42.33821533333333,-71.08648316666665,39.1,328116.87816490966,4689437.323179708,19,T,4
1665255489.1035907,615,3909,0,GPS1_Frame,42.33821533333333,-71.08648316666665,39.1,328116.87816490966,4689437.323179708,19,T,4
1665255490.115675,616,3910,0,GPS1_Frame,42.33821533333333,-71.08648316666665,39.1,328116.87816490966,4689437.323179708,19,T,4
1665255491.105763,617,3911,0,GPS1_Frame,42.33821533333333,-71.08648316666665,39.1,328116.87816490966,4689437.323179708,19,T,4
1665255492.1114967,618,3912,0,GPS1_Frame,42.33821533333333,-71.08648316666665,39.1,328116.87816490966,4689437.323179708,19,T,4
1665255493.1078007,619,3913,0,GPS1_Frame,42.33821533333333,-71.08648316666665,39.1,328116.87816490966,4689437.323179708,19,T,4
1665255494.1031082,620,3914,0,GPS1_Frame,42.33821533333333,-71.08648316666665,39.1,328116.87816490966,4689437.323179708,19,T,4
1665255495.121273,621,3915,0,GPS1_Frame,42.33821533333333,-71.08648316666665,39.1,328116.87816490966,4689437.323179708,19,T,4
1665255496.0972178,622,3916,0,GPS1_Frame,42.33821533333333,-71.08648316666665,39.1,328116.87816490966,4689437.323179708,19,T,4
1665255497.1045003,623,3917,0,GPS1_Frame,42.33821533333333,-71.08648316666665,39.1,328116.87816490966,4689437.323179708,19,T,4
1665255498.1294198,624,3918,0,GPS1_Frame,42.33821533333333,-71.08648316666665,39.1,328116.87816490966,4689437.323179708,19,T,4
1665255499.1162598,625,3919,0,GPS1_Frame,42.33821533333333,-71.08648316666665,39.1,328116.87816490966,4689437.323179708,19,T,4
1665255500.0979831,626,3920,0,GPS1_Frame,42.33821533333333,-71.08648316666665,39.1,328116.87816490966,4689437.323179708,19,T,4
1665255501.095762,627,3921,0,GPS1_Frame,42.33821533333333,-71.08648316666665,39.1,328116.87816490966,4689437.323179708,19,T,4
1665255502.1197035,628,3922,0,GPS1_Frame,42.33821533333333,-71.08648316666665,39.1,328116.87816490966,4689437.323179708,19,T,4
1665255503.1222947,629,3923,0,GPS1_Frame,42.33821533333333,-71.08648316666665,39.1,328116.87816490966,4689437.323179708,19,T,4
1665255504.1078796,630,3924,0,GPS1_Frame,42.33821533333333,-71.08648316666665,39.1,328116.87816490966,4689437.323179708,19,T,4
1665255505.121428,631,3925,0,GPS1_Frame,42.33821533333333,-71.08648316666665,39.1,328116.87816490966,4689437.323179708,19,T,4
1665255506.1063728,632,3926,0,GPS1_Frame,42.33821533333333,-71.08648316666665,39.1,328116.87816490966,4689437.323179708,19,T,4
1665255507.1047368,633,3927,0,GPS1_Frame,42.33821533333333,-71.08648316666665,39.1,328116.87816490966,4689437.323179708,19,T,4
1665255508.1156583,634,3928,0,GPS1_Frame,42.33821533333333,-71.08648316666665,39.1,328116.87816490966,4689437.323179708,19,T,4
1665255509.1052313,635,3929,0,GPS1_Frame,42.33821533333333,-71.08648316666665,39.1,328116.87816490966,4689437.323179708,19,T,4
1665255510.1036184,636,3930,0,GPS1_Frame,42.33821533333333,-71.08648316666665,39.1,328116.87816490966,4689437.323179708,19,T,4
1665255511.1255927,637,3931,0,GPS1_Frame,42.33821533333333,-71.08648316666665,39.1,328116.87816490966,4689437.323179708,19,T,4
1665255512.1095936,638,3932,0,GPS1_Frame,42.33821533333333,-71.08648316666665,39.1,328116.87816490966,4689437.323179708,19,T,4
1665255513.1238737,639,3933,0,GPS1_Frame,42.338215166666664,-71.08648316666665,39.1,328116.87771079637,4689437.304672644,19,T,4
1665255514.1248837,640,3934,0,GPS1_Frame,42.33821533333333,-71.08648316666665,39.1,328116.87816490966,4689437.323179708,19,T,4
1665255515.1140537,641,3935,0,GPS1_Frame,42.33821533333333,-71.08648316666665,39.1,328116.87816490966,4689437.323179708,19,T,4
1665255516.1245408,642,3936,0,GPS1_Frame,42.33821533333333,-71.08648316666665,39.1,328116.87816490966,4689437.323179708,19,T,4
1665255517.0979562,643,3937,0,GPS1_Frame,42.33821533333333,-71.08648316666665,39.1,328116.87816490966,4689437.323179708,19,T,4
1665255518.1244686,644,3938,0,GPS1_Frame,42.33821533333333,-71.08648316666665,39.1,328116.87816490966,4689437.323179708,19,T,4
1665255519.132722,645,3939,0,GPS1_Frame,42.33821533333333,-71.08648316666665,39.1,328116.87816490966,4689437.323179708,19,T,4
1665255520.1428945,646,3940,0,GPS1_Frame,42.33821533333333,-71.08648316666665,39.1,328116.87816490966,4689437.323179708,19,T,4
1665255521.1430547,647,3941,0,GPS1_Frame,42.33821533333333,-71.08648316666665,39.1,328116.87816490966,4689437.323179708,19,T,4
1665255522.1344388,648,3942,0,GPS1_Frame,42.33821533333333,-71.08648316666665,39.1,328116.87816490966,4689437.323179708,19,T,4
1665255523.1040537,649,3943,0,GPS1_Frame,42.33821533333333,-71.08648316666665,39.1,328116.87816490966,4689437.323179708,19,T,4
1665255524.1387475,650,3944,0,GPS1_Frame,42.33821533333333,-71.08648316666665,39.1,328116.87816490966,4689437.323179708,19,T,4
1665255525.1463,651,3945,0,GPS1_Frame,42.338215166666664,-71.08648316666665,39.1,328116.87771079637,4689437.304672644,19,T,4
1665255526.1404853,652,3946,0,GPS1_Frame,42.33821533333333,-71.08648316666665,39.1,328116.87816490966,4689437.323179708,19,T,4
1665255527.1444767,653,3947,0,GPS1_Frame,42.33821533333333,-71.08648316666665,39.1,328116.87816490966,4689437.323179708,19,T,4
1665255528.13833,654,3948,0,GPS1_Frame,42.33821533333333,-71.08648316666665,39.1,328116.87816490966,4689437.323179708,19,T,4
1665255529.1396565,655,3949,0,GPS1_Frame,42.33821533333333,-71.08648316666665,39.1,328116.87816490966,4689437.323179708,19,T,4
1665255530.1394286,656,3950,0,GPS1_Frame,42.33821533333333,-71.08648316666665,39.1,328116.87816490966,4689437.323179708,19,T,4
1665255531.1383348,657,3951,0,GPS1_Frame,42.338215166666664,-71.08648316666665,39.1,328116.87771079637,4689437.304672644,19,T,4
1665255532.1098475,658,3952,0,GPS1_Frame,42.338215166666664,-71.08648316666665,39.1,328116.87771079637,4689437.304672644,19,T,4
1665255533.1076312,659,3953,0,GPS1_Frame,42.33821533333333,-71.08648316666665,39.1,328116.87816490966,4689437.323179708,19,T,4
1665255534.1257324,660,3954,0,GPS1_Frame,42.33821533333333,-71.08648316666665,39.1,328116.87816490966,4689437.323179708,19,T,4
1665255535.1110537,661,3955,0,GPS1_Frame,42.33821533333333,-71.08648316666665,39.1,328116.87816490966,4689437.323179708,19,T,4
1665255536.1084409,662,3956,0,GPS1_Frame,42.33821533333333,-71.08648316666665,39.1,328116.87816490966,4689437.323179708,19,T,4
1665255537.122444,663,3957,0,GPS1_Frame,42.338215166666664,-71.08648316666665,39.1,328116.87771079637,4689437.304672644,19,T,4
1665255538.1196659,664,3958,0,GPS1_Frame,42.33821533333333,-71.08648316666665,39.1,328116.87816490966,4689437.323179708,19,T,4
1665255539.1515968,665,3959,0,GPS1_Frame,42.33821533333333,-71.08648316666665,39.1,328116.87816490966,4689437.323179708,19,T,4
1665255540.120174,666,3900,0,GPS1_Frame,42.33821533333333,-71.08648316666665,39.1,328116.87816490966,4689437.323179708,19,T,4
1665255541.1121993,667,3901,0,GPS1_Frame,42.33821533333333,-71.08648316666665,39.1,328116.87816490966,4689437.323179708,19,T,4
1665255542.1090417,668,3902,0,GPS1_Frame,42.33821533333333,-71.08648316666665,39.1,328116.87816490966,4689437.323179708,19,T,4
1665255543.1212237,669,3903,0,GPS1_Frame,42.33821533333333,-71.08648316666665,39.1,328116.87816490966,4689437.323179708,19,T,4
1665255544.1192665,670,3904,0,GPS1_Frame,42.33821533333333,-71.08648316666665,39.1,328116.87816490966,4689437.323179708,19,T,4
1665255545.095116,671,3905,0,GPS1_Frame,42.33821533333333,-71.08648316666665,39.1,328116.87816490966,4689437.323179708,19,T,4
1665255546.1159124,672,3906,0,GPS1_Frame,42.33821533333333,-71.08648316666665,39.1,328116.87816490966,4689437.323179708,19,T,4
1665255547.1244695,673,3907,0,GPS1_Frame,42.33821533333333,-71.08648316666665,39.1,328116.87816490966,4689437.323179708,19,T,4
1665255548.1170444,674,3908,0,GPS1_Frame,42.33821533333333,-71.08648316666665,39.1,328116.87816490966,4689437.323179708,19,T,4
1665255549.1223571,675,3909,0,GPS1_Frame,42.33821533333333,-71.08648316666665,39.1,328116.87816490966,4689437.323179708,19,T,4
1665255550.116351,676,3910,0,GPS1_Frame,42.33821533333333,-71.08648316666665,39.1,328116.87816490966,4689437.323179708,19,T,4
1665255551.1242101,677,3911,0,GPS1_Frame,42.33821533333333,-71.08648316666665,39.1,328116.87816490966,4689437.323179708,19,T,4
1665255552.099723,678,3912,0,GPS1_Frame,42.33821533333333,-71.08648316666665,39.1,328116.87816490966,4689437.323179708,19,T,4
1665255553.1239908,679,3913,0,GPS1_Frame,42.33821533333333,-71.08648316666665,39.1,328116.87816490966,4689437.323179708,19,T,4
1665255554.1078146,680,3914,0,GPS1_Frame,42.33821533333333,-71.08648316666665,39.1,328116.87816490966,4689437.323179708,19,T,4
1665255555.1205447,681,3915,0,GPS1_Frame,42.33821533333333,-71.08648316666665,39.1,328116.87816490966,4689437.323179708,19,T,4
1665255556.123774,682,3916,0,GPS1_Frame,42.33821533333333,-71.08648316666665,39.1,328116.87816490966,4689437.323179708,19,T,4
1665255557.1311336,683,3917,0,GPS1_Frame,42.33821533333333,-71.08648316666665,39.1,328116.87816490966,4689437.323179708,19,T,4
1665255558.1532001,684,3918,0,GPS1_Frame,42.33821533333333,-71.08648316666665,39.1,328116.87816490966,4689437.323179708,19,T,4
1665255559.1023998,685,3919,0,GPS1_Frame,42.33821533333333,-71.08648316666665,39.1,328116.87816490966,4689437.323179708,19,T,4
1665255560.10922,686,3920,0,GPS1_Frame,42.33821533333333,-71.08648316666665,39.1,328116.87816490966,4689437.323179708,19,T,4
1665255561.1224453,687,3921,0,GPS1_Frame,42.33821533333333,-71.08648316666665,39.1,328116.87816490966,4689437.323179708,19,T,4
1665255562.1008403,688,3922,0,GPS1_Frame,42.33821533333333,-71.08648316666665,39.1,328116.87816490966,4689437.323179708,19,T,4
1665255563.1392639,689,3923,0,GPS1_Frame,42.33821533333333,-71.08648316666665,39.1,328116.87816490966,4689437.323179708,19,T,4
1665255564.1630518,690,3924,0,GPS1_Frame,42.33821533333333,-71.08648316666665,39.1,328116.87816490966,4689437.323179708,19,T,4
1665255565.1471744,691,3925,0,GPS1_Frame,42.33821533333333,-71.08648316666665,39.1,328116.87816490966,4689437.323179708,19,T,4
1665255566.1088762,692,3926,0,GPS1_Frame,42.33821533333333,-71.08648316666665,39.1,328116.87816490966,4689437.323179708,19,T,4
1665255567.1356244,693,3927,0,GPS1_Frame,42.33821533333333,-71.08648316666665,39.1,328116.87816490966,4689437.323179708,19,T,4
1665255568.1586578,694,3928,0,GPS1_Frame,42.33821533333333,-71.08648316666665,39.1,328116.87816490966,4689437.323179708,19,T,4
1665255569.140505,695,3929,0,GPS1_Frame,42.33821533333333,-71.08648316666665,39.1,328116.87816490966,4689437.323179708,19,T,4
1665255570.1247966,696,3930,0,GPS1_Frame,42.33821533333333,-71.08648316666665,39.1,328116.87816490966,4689437.323179708,19,T,4
1665255571.149665,697,3931,0,GPS1_Frame,42.33821533333333,-71.08648316666665,39.1,328116.87816490966,4689437.323179708,19,T,4
1665255572.1273763,698,3932,0,GPS1_Frame,42.33821533333333,-71.08648316666665,39.1,328116.87816490966,4689437.323179708,19,T,4
1665255573.1062768,699,3933,0,GPS1_Frame,42.33821533333333,-71.08648316666665,39.1,328116.87816490966,4689437.323179708,19,T,4
1665255574.1348343,700,3934,0,GPS1_Frame,42.33821533333333,-71.08648316666665,39.1,328116.87816490966,4689437.323179708,19,T,4
1665255575.1563814,701,3935,0,GPS1_Frame,42.33821533333333,-71.08648316666665,39.1,328116.87816490966,4689437.323179708,19,T,4
1665255576.1464741,702,3936,0,GPS1_Frame,42.33821533333333,-71.08648316666665,39.1,328116.87816490966,4689437.323179708,19,T,4
1665255577.13016,703,3937,0,GPS1_Frame,42.33821533333333,-71.08648316666665,39.1,328116.87816490966,4689437.323179708,19,T,4
1665255578.146552,704,3938,0,GPS1_Frame,42.33821533333333,-71.08648316666665,39.1,328116.87816490966,4689437.323179708,19,T,4
1665255579.1376667,705,3939,0,GPS1_Frame,42.33821533333333,-71.08648316666665,39.1,328116.87816490966,4689437.323179708,19,T,4
1665255580.1096787,706,3940,0,GPS1_Frame,42.33821533333333,-71.08648316666665,39.1,328116.87816490966,4689437.323179708,19,T,4
1665255581.1353104,707,3941,0,GPS1_Frame,42.338215166666664,-71.08648316666665,39.1,328116.87771079637,4689437.304672644,19,T,4
1665255582.1487558,708,3942,0,GPS1_Frame,42.33821533333333,-71.08648316666665,39.1,328116.87816490966,4689437.323179708,19,T,4
1665255583.120326,709,3943,0,GPS1_Frame,42.33821533333333,-71.08648316666665,39.1,328116.87816490966,4689437.323179708,19,T,4
1665255584.1519613,710,3944,0,GPS1_Frame,42.33821533333333,-71.08648316666665,39.1,328116.87816490966,4689437.323179708,19,T,4
1665255585.149951,711,3945,0,GPS1_Frame,42.33821533333333,-71.08648316666665,39.1,328116.87816490966,4689437.323179708,19,T,4
1665255586.1336634,712,3946,0,GPS1_Frame,42.33821533333333,-71.08648316666665,39.1,328116.87816490966,4689437.323179708,19,T,4
1665255587.1025834,713,3947,0,GPS1_Frame,42.33821533333333,-71.08648316666665,39.1,328116.87816490966,4689437.323179708,19,T,4
1665255588.1498253,714,3948,0,GPS1_Frame,42.338215166666664,-71.08648316666665,39.1,328116.87771079637,4689437.304672644,19,T,4
1665255589.1345046,715,3949,0,GPS1_Frame,42.33821533333333,-71.08648316666665,39.1,328116.87816490966,4689437.323179708,19,T,4
1665255590.1418657,716,3950,0,GPS1_Frame,42.338215166666664,-71.08648316666665,39.1,328116.87771079637,4689437.304672644,19,T,4
1665255591.1242816,717,3951,0,GPS1_Frame,42.33821533333333,-71.08648316666665,39.1,328116.87816490966,4689437.323179708,19,T,4
1665255592.1440508,718,3952,0,GPS1_Frame,42.33821533333333,-71.08648316666665,39.1,328116.87816490966,4689437.323179708,19,T,4
1665255593.1060877,719,3953,0,GPS1_Frame,42.33821533333333,-71.08648316666665,39.1,328116.87816490966,4689437.323179708,19,T,4
1665255594.101978,720,3954,0,GPS1_Frame,42.33821533333333,-71.08648316666665,39.1,328116.87816490966,4689437.323179708,19,T,4
1665255595.13398,721,3955,0,GPS1_Frame,42.33821533333333,-71.08648316666665,39.1,328116.87816490966,4689437.323179708,19,T,4
1665255596.1470141,722,3956,0,GPS1_Frame,42.338215166666664,-71.08648316666665,39.1,328116.87771079637,4689437.304672644,19,T,4
1665255597.1459363,723,3957,0,GPS1_Frame,42.33821533333333,-71.08648316666665,39.1,328116.87816490966,4689437.323179708,19,T,4
1665255598.1064906,724,3958,0,GPS1_Frame,42.33821533333333,-71.08648316666665,39.1,328116.87816490966,4689437.323179708,19,T,4
1665255599.1430314,725,3959,0,GPS1_Frame,42.33821533333333,-71.08648316666665,39.1,328116.87816490966,4689437.323179708,19,T,4
1665255600.1163526,726,3600,0,GPS1_Frame,42.33821533333333,-71.08648316666665,39.1,328116.87816490966,4689437.323179708,19,T,4
1665255601.1218717,727,3601,0,GPS1_Frame,42.33821533333333,-71.08648316666665,39.1,328116.87816490966,4689437.323179708,19,T,4
1665255602.1335335,728,3602,0,GPS1_Frame,42.33821533333333,-71.08648316666665,39.1,328116.87816490966,4689437.323179708,19,T,4
1665255603.1357317,729,3603,0,GPS1_Frame,42.33821533333333,-71.08648316666665,39.1,328116.87816490966,4689437.323179708,19,T,4
1665255604.1327832,730,3604,0,GPS1_Frame,42.33821533333333,-71.08648316666665,39.1,328116.87816490966,4689437.323179708,19,T,4
1665255605.1461585,731,3605,0,GPS1_Frame,42.33821533333333,-71.08648316666665,39.1,328116.87816490966,4689437.323179708,19,T,4
1665255606.1363294,732,3606,0,GPS1_Frame,42.33821533333333,-71.08648316666665,39.1,328116.87816490966,4689437.323179708,19,T,4
1665255607.1552067,733,3607,0,GPS1_Frame,42.33821533333333,-71.08648316666665,39.1,328116.87816490966,4689437.323179708,19,T,4
1665255608.1363707,734,3608,0,GPS1_Frame,42.33821533333333,-71.08648316666665,39.1,328116.87816490966,4689437.323179708,19,T,4
1665255609.1285706,735,3609,0,GPS1_Frame,42.33821533333333,-71.08648316666665,39.1,328116.87816490966,4689437.323179708,19,T,4
1665255610.1217434,736,3610,0,GPS1_Frame,42.33821533333333,-71.08648316666665,39.1,328116.87816490966,4689437.323179708,19,T,4
1665255611.1344202,737,3611,0,GPS1_Frame,42.33821533333333,-71.08648316666665,39.1,328116.87816490966,4689437.323179708,19,T,4
1665255612.1172822,738,3612,0,GPS1_Frame,42.33821533333333,-71.08648316666665,39.1,328116.87816490966,4689437.323179708,19,T,4
1665255613.1099548,739,3613,0,GPS1_Frame,42.33821533333333,-71.08648316666665,39.1,328116.87816490966,4689437.323179708,19,T,4
1665255614.1047711,740,3614,0,GPS1_Frame,42.33821533333333,-71.08648316666665,39.1,328116.87816490966,4689437.323179708,19,T,4
1665255615.10963,741,3615,0,GPS1_Frame,42.33821533333333,-71.08648316666665,39.1,328116.87816490966,4689437.323179708,19,T,4
1665255616.117521,742,3616,0,GPS1_Frame,42.33821533333333,-71.08648316666665,39.1,328116.87816490966,4689437.323179708,19,T,4
1665255617.1059368,743,3617,0,GPS1_Frame,42.33821533333333,-71.08648316666665,39.1,328116.87816490966,4689437.323179708,19,T,4
1665255618.1132917,744,3618,0,GPS1_Frame,42.33821533333333,-71.08648316666665,39.1,328116.87816490966,4689437.323179708,19,T,4
1665255619.1252503,745,3619,0,GPS1_Frame,42.33821533333333,-71.08648316666665,39.1,328116.87816490966,4689437.323179708,19,T,4
1665255620.10658,746,3620,0,GPS1_Frame,42.33821533333333,-71.08648316666665,39.1,328116.87816490966,4689437.323179708,19,T,4
1665255621.1019423,747,3621,0,GPS1_Frame,42.33821533333333,-71.08648316666665,39.1,328116.87816490966,4689437.323179708,19,T,4
1665255622.0984652,748,3622,0,GPS1_Frame,42.33821533333333,-71.08648316666665,39.1,328116.87816490966,4689437.323179708,19,T,4
1665255623.121959,749,3623,0,GPS1_Frame,42.33821533333333,-71.08648316666665,39.1,328116.87816490966,4689437.323179708,19,T,4
1665255624.1210592,750,3624,0,GPS1_Frame,42.33821533333333,-71.08648316666665,39.1,328116.87816490966,4689437.323179708,19,T,4
1665255625.1180725,751,3625,0,GPS1_Frame,42.338215166666664,-71.08648316666665,39.1,328116.87771079637,4689437.304672644,19,T,4
1665255626.0984757,752,3626,0,GPS1_Frame,42.33821533333333,-71.08648316666665,39.1,328116.87816490966,4689437.323179708,19,T,4
1665255627.105291,753,3627,0,GPS1_Frame,42.33821533333333,-71.08648316666665,39.1,328116.87816490966,4689437.323179708,19,T,4
1665255628.1244864,754,3628,0,GPS1_Frame,42.33821533333333,-71.08648316666665,39.1,328116.87816490966,4689437.323179708,19,T,4
1665255629.1112416,755,3629,0,GPS1_Frame,42.33821533333333,-71.08648316666665,39.1,328116.87816490966,4689437.323179708,19,T,4
1665255630.1003485,756,3630,0,GPS1_Frame,42.33821533333333,-71.08648316666665,39.1,328116.87816490966,4689437.323179708,19,T,4
1665255631.1298726,757,3631,0,GPS1_Frame,42.33821533333333,-71.08648316666665,39.1,328116.87816490966,4689437.323179708,19,T,4
1665255632.1265528,758,3632,0,GPS1_Frame,42.33821533333333,-71.08648316666665,39.1,328116.87816490966,4689437.323179708,19,T,4
1665255633.1212468,759,3633,0,GPS1_Frame,42.33821533333333,-71.08648316666665,39.1,328116.87816490966,4689437.323179708,19,T,4
1665255634.1165707,760,3634,0,GPS1_Frame,42.33821533333333,-71.08648316666665,39.1,328116.87816490966,4689437.323179708,19,T,4
1665255635.1122367,761,3635,0,GPS1_Frame,42.33821533333333,-71.08648316666665,39.1,328116.87816490966,4689437.323179708,19,T,4
1665255636.128013,762,3636,0,GPS1_Frame,42.33821533333333,-71.08648316666665,39.1,328116.87816490966,4689437.323179708,19,T,4
1665255637.1196368,763,3637,0,GPS1_Frame,42.33821533333333,-71.08648316666665,39.1,328116.87816490966,4689437.323179708,19,T,4
1665255638.11749,764,3638,0,GPS1_Frame,42.338215166666664,-71.08648316666665,39.1,328116.87771079637,4689437.304672644,19,T,4
1665255639.121867,765,3639,0,GPS1_Frame,42.338215166666664,-71.08648316666665,39.1,328116.87771079637,4689437.304672644,19,T,4
1665255640.115912,766,3640,0,GPS1_Frame,42.338215166666664,-71.08648316666665,39.1,328116.87771079637,4689437.304672644,19,T,4
1665255641.1179123,767,3641,0,GPS1_Frame,42.338215166666664,-71.08648316666665,39.1,328116.87771079637,4689437.304672644,19,T,4
1665255642.12513,768,3642,0,GPS1_Frame,42.33821533333333,-71.08648316666665,39.1,328116.87816490966,4689437.323179708,19,T,4
1665255643.1277926,769,3643,0,GPS1_Frame,42.33821533333333,-71.08648316666665,39.1,328116.87816490966,4689437.323179708,19,T,4
1665255644.1130402,770,3644,0,GPS1_Frame,42.33821533333333,-71.08648316666665,39.1,328116.87816490966,4689437.323179708,19,T,4
1665255645.1223216,771,3645,0,GPS1_Frame,42.33821533333333,-71.08648316666665,39.1,328116.87816490966,4689437.323179708,19,T,4
1665255646.1147087,772,3646,0,GPS1_Frame,42.33821533333333,-71.08648316666665,39.1,328116.87816490966,4689437.323179708,19,T,4
1665255647.1110337,773,3647,0,GPS1_Frame,42.33821533333333,-71.08648316666665,39.1,328116.87816490966,4689437.323179708,19,T,4
1665255648.0978808,774,3648,0,GPS1_Frame,42.33821533333333,-71.08648316666665,39.1,328116.87816490966,4689437.323179708,19,T,4
1665255649.1095567,775,3649,0,GPS1_Frame,42.33821533333333,-71.08648316666665,39.1,328116.87816490966,4689437.323179708,19,T,4
1665255650.0991106,776,3650,0,GPS1_Frame,42.33821533333333,-71.08648316666665,39.1,328116.87816490966,4689437.323179708,19,T,4
1665255651.1137338,777,3651,0,GPS1_Frame,42.33821533333333,-71.08648316666665,39.1,328116.87816490966,4689437.323179708,19,T,4
1665255652.1093938,778,3652,0,GPS1_Frame,42.338215166666664,-71.08648316666665,39.1,328116.87771079637,4689437.304672644,19,T,4
1665255653.1098154,779,3653,0,GPS1_Frame,42.338215166666664,-71.08648316666665,39.1,328116.87771079637,4689437.304672644,19,T,4
1665255654.122883,780,3654,0,GPS1_Frame,42.338215166666664,-71.08648316666665,39.1,328116.87771079637,4689437.304672644,19,T,4
1665255655.1117182,781,3655,0,GPS1_Frame,42.33821533333333,-71.08648316666665,39.1,328116.87816490966,4689437.323179708,19,T,4
1665255656.1206238,782,3656,0,GPS1_Frame,42.33821533333333,-71.08648316666665,39.1,328116.87816490966,4689437.323179708,19,T,4
1665255657.1072052,783,3657,0,GPS1_Frame,42.33821533333333,-71.08648316666665,39.1,328116.87816490966,4689437.323179708,19,T,4
1665255658.1207817,784,3658,0,GPS1_Frame,42.33821533333333,-71.08648316666665,39.1,328116.87816490966,4689437.323179708,19,T,4
1665255659.103553,785,3659,0,GPS1_Frame,42.33821533333333,-71.08648316666665,39.1,328116.87816490966,4689437.323179708,19,T,4
1665255660.1184573,786,3600,0,GPS1_Frame,42.338215166666664,-71.08648316666665,39.1,328116.87771079637,4689437.304672644,19,T,4
1665255661.1023335,787,3601,0,GPS1_Frame,42.33821533333333,-71.08648316666665,39.1,328116.87816490966,4689437.323179708,19,T,4
1665255662.0934653,788,3602,0,GPS1_Frame,42.33821533333333,-71.08648316666665,39.1,328116.87816490966,4689437.323179708,19,T,4
1665255663.1123884,789,3603,0,GPS1_Frame,42.33821533333333,-71.08648316666665,39.1,328116.87816490966,4689437.323179708,19,T,4
1665255664.1126204,790,3604,0,GPS1_Frame,42.33821533333333,-71.08648316666665,39.1,328116.87816490966,4689437.323179708,19,T,4
1665255665.1170805,791,3605,0,GPS1_Frame,42.33821533333333,-71.08648316666665,39.1,328116.87816490966,4689437.323179708,19,T,4
1665255666.1198938,792,3606,0,GPS1_Frame,42.338215166666664,-71.08648316666665,39.1,328116.87771079637,4689437.304672644,19,T,4
1665255667.1329267,793,3607,0,GPS1_Frame,42.33821533333333,-71.08648316666665,39.1,328116.87816490966,4689437.323179708,19,T,4
1665255668.1146178,794,3608,0,GPS1_Frame,42.33821533333333,-71.08648316666665,39.1,328116.87816490966,4689437.323179708,19,T,4
1665255669.113819,795,3609,0,GPS1_Frame,42.33821533333333,-71.08648316666665,39.1,328116.87816490966,4689437.323179708,19,T,4
1665255670.1247976,796,3610,0,GPS1_Frame,42.33821533333333,-71.08648316666665,39.1,328116.87816490966,4689437.323179708,19,T,4
1665255671.093038,797,3611,0,GPS1_Frame,42.338215166666664,-71.08648316666665,39.1,328116.87771079637,4689437.304672644,19,T,4
1665255672.1142912,798,3612,0,GPS1_Frame,42.338215166666664,-71.08648316666665,39.1,328116.87771079637,4689437.304672644,19,T,4
1665255673.1220818,799,3613,0,GPS1_Frame,42.33821533333333,-71.08648316666665,39.1,328116.87816490966,4689437.323179708,19,T,4
1665255674.1324434,800,3614,0,GPS1_Frame,42.33821533333333,-71.08648316666665,39.1,328116.87816490966,4689437.323179708,19,T,4
1665255675.1203628,801,3615,0,GPS1_Frame,42.33821533333333,-71.08648316666665,39.1,328116.87816490966,4689437.323179708,19,T,4
1665255676.118525,802,3616,0,GPS1_Frame,42.33821533333333,-71.08648316666665,39.1,328116.87816490966,4689437.323179708,19,T,4
1665255677.1276102,803,3617,0,GPS1_Frame,42.33821533333333,-71.08648316666665,39.1,328116.87816490966,4689437.323179708,19,T,4
1665255678.1100798,804,3618,0,GPS1_Frame,42.33821533333333,-71.08648316666665,39.1,328116.87816490966,4689437.323179708,19,T,4
