Time,header.seq,header.stamp.secs,header.stamp.nsecs,header.frame_id,latitude,longitude,altitude,utm_easting,utm_northing,zone,letter
1663819638.4192238,1,146592960,0,GPS1_Frame,42.343328333333325,-71.10250500000001,36.5,326810.9933345029,4690037.59545796,19,T
1663819639.4121413,2,146596561,0,GPS1_Frame,42.343328333333325,-71.10250500000001,36.5,326810.9933345029,4690037.59545796,19,T
1663819640.4118793,3,146600162,0,GPS1_Frame,42.343328333333325,-71.10250500000001,36.5,326810.9933345029,4690037.59545796,19,T
1663819641.420259,4,146603763,0,GPS1_Frame,42.343328333333325,-71.10250500000001,36.5,326810.9933345029,4690037.59545796,19,T
1663819642.4231749,5,146607364,0,GPS1_Frame,42.343328333333325,-71.10250500000001,36.5,326810.9933345029,4690037.59545796,19,T
1663819643.4194965,6,146610965,0,GPS1_Frame,42.343328333333325,-71.10250500000001,36.5,326810.9933345029,4690037.59545796,19,T
1663819644.419015,7,146614493,979999989,GPS1_Frame,42.343328333333325,-71.10250500000001,36.5,326810.9933345029,4690037.59545796,19,T
1663819645.3197718,8,146618094,979999989,GPS1_Frame,42.343338333333335,-71.10248,35.3,326813.0801976491,4690038.6549584,19,T
1663819646.3176496,9,146621695,979999989,GPS1_Frame,42.34334333333332,-71.10246666666667,34.8,326814.1922757772,4690039.183011357,19,T
1663819647.4209454,10,146625441,20000010,GPS1_Frame,42.34335,-71.10245499999999,34.0,326815.171636528,4690039.8995304,19,T
1663819648.4196057,11,146629042,20000010,GPS1_Frame,42.34334833333334,-71.10244666666668,34.4,326815.8535280955,4690039.697484686,19,T
1663819649.4183407,12,146632643,20000010,GPS1_Frame,42.343346666666676,-71.10243666666668,34.7,326816.6727132947,4690039.49204411,19,T
1663819650.418396,13,146636172,0,GPS1_Frame,42.343346666666676,-71.10243333333332,34.6,326816.9473004857,4690039.485254257,19,T
1663819651.4083629,14,146639773,0,GPS1_Frame,42.34334833333334,-71.10243333333332,34.6,326816.9518768226,4690039.670325211,19,T
1663819652.4190135,15,146643374,0,GPS1_Frame,42.34334833333334,-71.10243333333332,34.6,326816.9518768226,4690039.670325211,19,T
1663819653.4173956,16,146646975,0,GPS1_Frame,42.343346666666676,-71.10243333333332,34.6,326816.9473004857,4690039.485254257,19,T
1663819654.4185944,17,146650503,979999989,GPS1_Frame,42.343346666666676,-71.10243333333332,34.6,326816.9473004857,4690039.485254257,19,T
1663819655.4124055,18,146654104,979999989,GPS1_Frame,42.343346666666676,-71.10243333333332,34.6,326816.9473004857,4690039.485254257,19,T
1663819656.4213927,19,146657705,979999989,GPS1_Frame,42.34334833333334,-71.10243333333332,34.6,326816.9518768226,4690039.670325211,19,T
1663819657.4140816,20,146661451,20000010,GPS1_Frame,42.343361666666674,-71.102415,33.4,326818.49871669826,4690041.113548848,19,T
1663819658.4149334,21,146664980,0,GPS1_Frame,42.343361666666674,-71.102415,33.4,326818.49871669826,4690041.113548848,19,T
1663819659.4153266,22,146668581,0,GPS1_Frame,42.343361666666674,-71.102415,33.4,326818.49871669826,4690041.113548848,19,T
1663819660.414928,23,146672109,979999989,GPS1_Frame,42.34337333333333,-71.10239833333334,32.3,326819.90368614614,4690042.37509672,19,T
1663819661.422342,24,146675783,0,GPS1_Frame,42.34338833333333,-71.10237666666666,31.7,326821.72968806187,4690043.996602261,19,T
1663819662.4196558,25,146679384,0,GPS1_Frame,42.34340333333333,-71.102345,30.9,326824.37944995286,4690045.597739521,19,T
1663819663.417438,26,146682985,0,GPS1_Frame,42.34340333333333,-71.102345,30.9,326824.37944995286,4690045.597739521,19,T
1663819664.4186118,27,146686586,0,GPS1_Frame,42.343424999999996,-71.10230666666668,30.1,326827.5966886276,4690047.92558267,19,T
1663819665.4169986,28,146690187,0,GPS1_Frame,42.34343333333334,-71.10228333333333,30.5,326829.54167662864,4690048.803411632,19,T
1663819666.4176307,29,146693788,0,GPS1_Frame,42.343441666666656,-71.10225000000001,29.6,326832.3104244359,4690049.660873301,19,T
1663819667.4166477,30,146697389,0,GPS1_Frame,42.34345333333334,-71.10223166666667,29.0,326833.8526830234,4690050.919029237,19,T
1663819668.4162219,31,146700990,0,GPS1_Frame,42.34345166666667,-71.10223666666668,29.1,326833.43622702354,4690050.744142089,19,T
1663819669.4349742,32,146704591,0,GPS1_Frame,42.34345333333334,-71.10223333333333,29.0,326833.71538966196,4690050.922423837,19,T
1663819670.4376812,33,146708192,0,GPS1_Frame,42.34345333333334,-71.10223333333333,29.0,326833.71538966196,4690050.922423837,19,T
1663819671.4133358,34,146711793,0,GPS1_Frame,42.34345333333334,-71.10223333333333,29.0,326833.71538966196,4690050.922423837,19,T
1663819672.4210987,35,146715394,0,GPS1_Frame,42.34345333333334,-71.10223333333333,29.0,326833.71538966196,4690050.922423837,19,T
1663819673.4132054,36,146718995,0,GPS1_Frame,42.34345333333334,-71.10223333333333,29.0,326833.71538966196,4690050.922423837,19,T
1663819674.413352,37,146722596,0,GPS1_Frame,42.34345666666667,-71.102235,28.9,326833.587248131,4690051.295960348,19,T
1663819675.419865,38,146726197,0,GPS1_Frame,42.343461666666656,-71.10224166666667,29.2,326833.05180250556,4690051.864751649,19,T
1663819676.4343002,39,146729798,0,GPS1_Frame,42.34346999999999,-71.10224333333333,29.1,326832.93738883093,4690052.793501041,19,T
1663819677.4294147,40,146733399,0,GPS1_Frame,42.34346999999999,-71.10224333333333,29.0,326832.93738883093,4690052.793501041,19,T
1663819678.425399,41,146881040,0,GPS1_Frame,42.34347666666667,-71.102235,28.7,326833.6421591137,4690053.5168118095,19,T
1663819679.4175985,42,146884641,0,GPS1_Frame,42.34348333333334,-71.10223166666667,28.6,326833.9350493694,4690054.250306426,19,T
1663819680.4117742,43,146888242,0,GPS1_Frame,42.34349,-71.102225,28.3,326834.50252612797,4690054.977011874,19,T
1663819681.4342608,44,146891843,0,GPS1_Frame,42.343491666666665,-71.10220999999999,27.8,326835.7427415131,4690055.131531643,19,T
1663819682.4279394,45,146895444,0,GPS1_Frame,42.343495,-71.1022,27.6,326836.5756528534,4690055.481306217,19,T
1663819683.4357173,46,146899045,0,GPS1_Frame,42.3435,-71.10219666666667,27.1,326836.8639668954,4690056.029729993,19,T
1663819684.4205217,47,146902646,0,GPS1_Frame,42.3435,-71.10219500000001,26.8,326837.00126015267,4690056.026335451,19,T
1663819685.4206867,48,146906247,0,GPS1_Frame,42.343498333333336,-71.10218833333333,26.4,326837.5458573698,4690055.827686359,19,T
1663819686.4211779,49,146909848,0,GPS1_Frame,42.343498333333336,-71.10217999999999,25.7,326838.2323236804,4690055.810713747,19,T
1663819687.420767,50,146913449,0,GPS1_Frame,42.343496666666674,-71.102175,25.1,326838.6396276778,4690055.615459257,19,T
1663819688.4375093,51,146917050,0,GPS1_Frame,42.343496666666674,-71.102175,24.5,326838.6396276778,4690055.615459257,19,T
1663819689.4199963,52,146920651,0,GPS1_Frame,42.3435,-71.102175,24.1,326838.64877925237,4690055.985601165,19,T
1663819690.4187682,53,146924252,0,GPS1_Frame,42.34350833333333,-71.10216500000001,22.9,326839.4954176295,4690056.890588947,19,T
1663819691.4194834,54,146927853,0,GPS1_Frame,42.343515,-71.10216333333332,22.3,326839.65101392264,4690057.627478276,19,T
1663819692.4204943,55,146931454,0,GPS1_Frame,42.343520000000005,-71.10216666666668,22.3,326839.3901547821,4690058.18948013,19,T
1663819693.4214404,56,146935055,0,GPS1_Frame,42.34352666666667,-71.10217,22.5,326839.1338714694,4690058.9365529455,19,T
1663819694.4208472,57,146938656,0,GPS1_Frame,42.34353166666667,-71.10217333333334,22.6,326838.8730124284,4690059.498554818,19,T
1663819695.4210513,58,146942257,0,GPS1_Frame,42.343535,-71.10218166666665,22.8,326838.19569809304,4690059.885669292,19,T
1663819696.4320512,59,146945858,0,GPS1_Frame,42.343540000000004,-71.10218833333333,22.8,326837.6602528243,4690060.454460258,19,T
1663819697.419496,60,146949459,0,GPS1_Frame,42.34354666666667,-71.10219333333332,23.0,326837.2666766366,4690061.204927685,19,T
1663819698.4195545,61,146953060,0,GPS1_Frame,42.343555,-71.1022,23.0,326836.7403832417,4690062.143860643,19,T
1663819699.4197133,62,146956661,0,GPS1_Frame,42.343561666666666,-71.10220833333332,23.2,326836.07222101255,4690062.901117248,19,T
1663819700.4197521,63,146960262,0,GPS1_Frame,42.343571666666676,-71.10221166666668,23.3,326835.82509000157,4690064.018332124,19,T
1663819701.4202518,64,146963863,0,GPS1_Frame,42.34358166666666,-71.10221333333334,23.3,326835.7152521666,4690065.132152437,19,T
1663819702.4212825,65,146967464,0,GPS1_Frame,42.34359,-71.10221166666668,23.2,326835.8754246207,4690066.054112659,19,T
1663819703.422261,66,146971065,0,GPS1_Frame,42.34359333333333,-71.102215,23.2,326835.6099902633,4690066.431043717,19,T
1663819704.4210966,67,146974666,0,GPS1_Frame,42.34359500000001,-71.10221833333333,23.1,326835.33998004516,4690066.6229038285,19,T
1663819705.4208133,68,146978267,0,GPS1_Frame,42.34359500000001,-71.10222333333334,23.2,326834.9281008872,4690066.633087576,19,T
1663819706.424525,69,146981868,0,GPS1_Frame,42.34359833333333,-71.10222333333334,23.1,326834.93725268974,4690067.003229493,19,T
1663819707.4240081,70,146985469,0,GPS1_Frame,42.343599999999995,-71.102225,23.2,326834.8045355516,4690067.19169504,19,T
1663819708.4235337,71,146989070,0,GPS1_Frame,42.34360333333334,-71.10222666666667,23.3,326834.67639432993,4690067.5652315505,19,T
1663819709.4236033,72,146992671,0,GPS1_Frame,42.343610000000005,-71.10222166666668,23.5,326835.1065770234,4690068.29533162,19,T
1663819710.4226453,73,146996272,0,GPS1_Frame,42.34361833333334,-71.10221666666666,23.4,326835.5413355207,4690069.210502673,19,T
1663819711.422605,74,146999873,0,GPS1_Frame,42.343619999999994,-71.102215,23.5,326835.68320440757,4690069.392179055,19,T
1663819712.4229267,75,147003474,0,GPS1_Frame,42.343621666666664,-71.10220999999999,23.7,326836.099659272,4690069.567066305,19,T
1663819713.4202805,76,147007075,0,GPS1_Frame,42.343625,-71.102205,23.7,326836.5206899785,4690069.9270245405,19,T
1663819714.422736,77,147010676,0,GPS1_Frame,42.34362833333333,-71.10220166666666,24.1,326836.80442766624,4690070.290377348,19,T
1663819715.4227178,78,147014277,0,GPS1_Frame,42.34363166666667,-71.1022,24.3,326836.95087234874,4690070.657124717,19,T
1663819716.4248385,79,147017878,0,GPS1_Frame,42.34363666666666,-71.1022,24.7,326836.96459991,4690071.212337594,19,T
1663819717.4255745,80,147021479,0,GPS1_Frame,42.34363833333334,-71.1022,25.0,326836.96917576407,4690071.397408555,19,T
1663819718.4259834,81,147025080,0,GPS1_Frame,42.343643333333326,-71.10219833333333,25.3,326837.12019627425,4690071.949226883,19,T
1663819719.4250877,82,147028681,0,GPS1_Frame,42.34364666666667,-71.1022,25.6,326836.9920550366,4690072.322763352,19,T
1663819720.44497,83,147032282,0,GPS1_Frame,42.34365,-71.10220166666666,25.9,326836.86391381815,4690072.696299821,19,T
1663819721.4451833,84,147035883,0,GPS1_Frame,42.34365500000001,-71.102205,26.3,326836.60305555165,4690073.258301812,19,T
1663819722.4110236,85,147039484,0,GPS1_Frame,42.34366333333333,-71.10219833333333,26.5,326837.1751064961,4690074.170078401,19,T
1663819723.4230518,86,147043085,0,GPS1_Frame,42.343673333333335,-71.10219500000001,26.6,326837.4771473743,4690075.273715074,19,T
1663819724.4241061,87,147046686,0,GPS1_Frame,42.34368333333333,-71.10219666666667,26.8,326837.3673095971,4690076.387535381,19,T
1663819725.4237337,88,147050287,0,GPS1_Frame,42.34368833333333,-71.10220166666666,27.1,326836.9691586092,4690076.952931908,19,T
1663819726.4238658,89,147053888,0,GPS1_Frame,42.34369499999999,-71.10220666666666,27.7,326836.5755835573,4690077.703399423,19,T
1663819727.4398956,90,147057489,0,GPS1_Frame,42.34369833333334,-71.102215,28.2,326835.89827117417,4690078.090514185,19,T
1663819728.4334786,91,147061090,0,GPS1_Frame,42.34370333333333,-71.10221166666668,28.3,326836.18658448,4690078.638937924,19,T
1663819729.4172986,92,147064691,0,GPS1_Frame,42.34370666666666,-71.10220333333334,28.4,326836.8822002929,4690078.992107034,19,T
1663819730.4226005,93,147068292,0,GPS1_Frame,42.343711666666664,-71.10219500000001,28.6,326837.5823918787,4690079.530347174,19,T
1663819731.423905,94,147071893,0,GPS1_Frame,42.34371333333334,-71.10218833333333,28.8,326838.1361389026,4690079.701839987,19,T
1663819732.4259326,95,147075494,0,GPS1_Frame,42.343716666666666,-71.10218166666665,29.1,326838.6944617184,4690080.058403805,19,T
1663819733.4453099,96,147079095,0,GPS1_Frame,42.34372,-71.10217666666667,29.6,326839.1154916965,4690080.418362178,19,T
1663819734.4444163,97,147082696,0,GPS1_Frame,42.343725,-71.10216,30.1,326840.50214680564,4690080.93963007,19,T
1663819735.4447184,98,147086297,0,GPS1_Frame,42.343738333333334,-71.10214500000001,30.7,326841.77438765275,4690082.389647498,19,T
1663819736.4241772,99,147089898,0,GPS1_Frame,42.34374833333333,-71.10213499999999,31.4,326842.62559841713,4690083.479706545,19,T
1663819737.4230886,100,147093499,0,GPS1_Frame,42.34375666666667,-71.10212333333332,31.9,326843.6095259191,4690084.381300299,19,T
1663819738.4248457,101,147241140,0,GPS1_Frame,42.34376999999999,-71.10210999999998,32.1,326844.74447285733,4690085.8347126655,19,T
1663819739.4239392,102,147244741,0,GPS1_Frame,42.343781666666665,-71.102105,32.3,326845.1883804793,4690087.120026196,19,T
1663819740.4402292,103,147248342,0,GPS1_Frame,42.34378666666667,-71.10209833333334,33.0,326845.7512779891,4690087.661661515,19,T
1663819741.4234397,104,147251943,0,GPS1_Frame,42.34379333333332,-71.10209166666667,33.7,326846.3187510467,4690088.388367837,19,T
1663819742.423549,105,147255544,0,GPS1_Frame,42.343801666666664,-71.102085,33.9,326846.8907996082,4690089.300145168,19,T
1663819743.4220245,106,147259145,0,GPS1_Frame,42.343808333333335,-71.10207833333335,34.4,326847.4582724196,4690090.026851579,19,T
1663819744.4244585,107,147262746,0,GPS1_Frame,42.343811666666674,-71.10207166666667,34.9,326848.01659394114,4690090.383416108,19,T
1663819745.4240804,108,147266347,0,GPS1_Frame,42.34381333333334,-71.10206,35.5,326848.9822175542,4690090.544726728,19,T
1663819746.4241736,109,147269948,0,GPS1_Frame,42.343815,-71.10204666666667,35.9,326850.08513368346,4690090.702643175,19,T
1663819747.4246578,110,147273549,0,GPS1_Frame,42.34381833333333,-71.10203166666666,36.3,326851.32991782523,4690091.042236475,19,T
1663819748.4254317,111,147277150,0,GPS1_Frame,42.34382333333333,-71.10201666666667,36.8,326852.5792773045,4690091.5669009555,19,T
1663819749.4249597,112,147280751,0,GPS1_Frame,42.34382833333334,-71.10200166666667,37.3,326853.82863659004,4690092.091565657,19,T
1663819750.4245033,113,147284352,0,GPS1_Frame,42.34383166666667,-71.10198666666668,37.8,326855.0734202711,4690092.43115961,19,T
1663819751.4235694,114,147287953,0,GPS1_Frame,42.343836666666654,-71.10197333333333,38.3,326856.1854866751,4690092.959218928,19,T
1663819752.4225502,115,147291554,0,GPS1_Frame,42.34384333333334,-71.10195833333334,38.7,326857.43942075974,4690093.66895522,19,T
1663819753.4226859,116,147295155,0,GPS1_Frame,42.343844999999995,-71.10194166666668,39.5,326858.8169211497,4690093.820084703,19,T
1663819754.4227626,117,147298756,0,GPS1_Frame,42.34384833333334,-71.10192833333335,40.4,326859.9244117469,4690094.163073641,19,T
1663819755.424607,118,147302357,0,GPS1_Frame,42.343851666666666,-71.10191833333333,41.4,326860.7573172458,4690094.512850937,19,T
1663819756.423915,119,147305958,0,GPS1_Frame,42.34385666666667,-71.10190833333333,42.6,326861.5947978976,4690095.047699292,19,T
1663819757.4246185,120,147309559,0,GPS1_Frame,42.34385833333334,-71.10189999999999,43.8,326862.2858355106,4690095.215799886,19,T
1663819758.4240172,121,147313160,0,GPS1_Frame,42.343865,-71.101895,45.3,326862.71601377206,4690095.945901545,19,T
1663819759.4228983,122,147316761,0,GPS1_Frame,42.34387166666667,-71.10188833333333,46.6,326863.28348439565,4690096.67260918,19,T
1663819760.4229414,123,147320362,0,GPS1_Frame,42.34387166666667,-71.10188666666667,48.0,326863.4207768406,4690096.6692151325,19,T
1663819761.4229743,124,147323963,0,GPS1_Frame,42.343875,-71.10188499999998,49.3,326863.5672196668,4690097.035963012,19,T
1663819762.4262388,125,147327564,0,GPS1_Frame,42.34388166666666,-71.10188499999998,50.0,326863.5855204226,4690097.7762468625,19,T
1663819763.4241374,126,147331165,0,GPS1_Frame,42.34388666666667,-71.10188499999998,50.3,326863.59924599103,4690098.331459751,19,T
1663819764.421464,127,147334766,0,GPS1_Frame,42.34388666666667,-71.10188333333335,51.3,326863.73653840116,4690098.328065709,19,T
1663819765.4218824,128,147338367,0,GPS1_Frame,42.34388666666667,-71.10188,52.4,326864.01112322777,4690098.321277634,19,T
1663819766.4227102,129,147341968,0,GPS1_Frame,42.34388333333334,-71.10188333333335,52.3,326863.72738802934,4690097.957923785,19,T
1663819767.4220774,130,147345569,0,GPS1_Frame,42.343885,-71.10188333333335,53.1,326863.7319632152,4690098.1429947475,19,T
1663819768.4247844,131,147349170,0,GPS1_Frame,42.34388833333333,-71.10188333333335,54.0,326863.7411135873,4690098.513136673,19,T
1663819769.422831,132,147352771,0,GPS1_Frame,42.34388833333333,-71.10188333333335,54.0,326863.7411135873,4690098.513136673,19,T
1663819770.4210832,133,147356372,0,GPS1_Frame,42.34389166666666,-71.10188,55.2,326864.02484876476,4690098.876490521,19,T
1663819771.4371939,134,147359973,0,GPS1_Frame,42.343893333333334,-71.10187666666667,56.2,326864.3040087416,4690099.054773422,19,T
1663819772.4401002,135,147363574,0,GPS1_Frame,42.343898333333335,-71.10187166666665,57.2,326864.72961142095,4690099.599804235,19,T
1663819773.4212964,136,147367175,0,GPS1_Frame,42.34390166666667,-71.10186666666667,58.0,326865.150638885,4690099.959764107,19,T
1663819774.4219108,137,147370776,0,GPS1_Frame,42.343911666666656,-71.101865,58.2,326865.3153821537,4690101.066795873,19,T
1663819775.4224856,138,147374377,0,GPS1_Frame,42.34391000000001,-71.10186666666667,58.2,326865.17351464217,4690100.885118924,19,T
1663819776.4233775,139,147377978,0,GPS1_Frame,42.34391999999999,-71.10187333333334,58.2,326864.65179619344,4690102.009120778,19,T
1663819777.4221141,140,147381579,0,GPS1_Frame,42.34393166666666,-71.10187666666667,58.3,326864.4092377393,4690103.3114055805,19,T
1663819778.4411428,141,147385180,0,GPS1_Frame,42.34393166666666,-71.10187833333333,58.3,326864.2719454231,4690103.314799612,19,T
1663819779.441074,142,147388781,0,GPS1_Frame,42.34393833333334,-71.10188499999998,59.2,326863.7410769423,4690104.068659625,19,T
1663819780.4250255,143,147392382,0,GPS1_Frame,42.343945,-71.10188333333335,60.2,326863.89667000354,4690104.805549439,19,T
1663819781.423975,144,147395983,0,GPS1_Frame,42.34395333333334,-71.10188166666666,61.2,326864.05683823046,4690105.727510223,19,T
1663819782.421885,145,147399584,0,GPS1_Frame,42.34396166666667,-71.10188,62.0,326864.2170064227,4690106.649471009,19,T
1663819783.4231472,146,147403185,0,GPS1_Frame,42.34397333333333,-71.10188666666667,61.8,326863.6998638265,4690107.958543929,19,T
1663819784.44516,147,147406786,0,GPS1_Frame,42.343985,-71.10188833333333,61.6,326863.59459803894,4690109.257434738,19,T
1663819785.4439836,148,147410387,0,GPS1_Frame,42.34399499999999,-71.10188666666667,61.4,326863.7593414516,4690110.364466483,19,T
1663819786.4448767,149,147413988,0,GPS1_Frame,42.344006666666665,-71.10188666666667,61.5,326863.79136787547,4690111.6599632455,19,T
1663819787.4267983,150,147417589,0,GPS1_Frame,42.34401666666666,-71.10188499999998,61.8,326863.95611123485,4690112.766994998,19,T
1663819788.4270036,151,147421190,0,GPS1_Frame,42.344025,-71.10188333333335,62.1,326864.1162793513,4690113.6889557885,19,T
1663819789.428882,152,147424791,0,GPS1_Frame,42.344036666666675,-71.10188,62.2,326864.42288991576,4690114.977664477,19,T
1663819790.4287808,153,147428392,0,GPS1_Frame,42.34404333333333,-71.10187166666665,62.6,326865.12765104335,4690115.700978195,19,T
1663819791.445923,154,147431993,0,GPS1_Frame,42.34405166666667,-71.10186333333333,62.8,326865.8369871847,4690116.609362949,19,T
1663819792.4244373,155,147435594,0,GPS1_Frame,42.344060000000006,-71.10185499999999,63.2,326866.5463231478,4690117.517747769,19,T
1663819793.4269788,156,147439195,0,GPS1_Frame,42.344071666666665,-71.10184666666667,63.5,326867.2648091753,4690118.796274592,19,T
1663819794.4250996,157,147442796,0,GPS1_Frame,42.34408166666667,-71.10183333333333,63.4,326868.3905958172,4690119.879548617,19,T
1663819795.4226894,158,147446397,0,GPS1_Frame,42.344091666666664,-71.10182,63.5,326869.51638211496,4690120.962822815,19,T
1663819796.423183,159,147449998,0,GPS1_Frame,42.34408833333334,-71.10182333333333,63.5,326869.2326480362,4690120.599468766,19,T
1663819797.4262989,160,147453599,0,GPS1_Frame,42.344093333333326,-71.10181666666668,63.4,326869.79554110393,4690121.141105906,19,T
1663819798.428271,161,147600240,0,GPS1_Frame,42.3441,-71.10180666666666,63.3,326870.6375930285,4690121.861026217,19,T
1663819799.426249,162,147603841,0,GPS1_Frame,42.34410500000001,-71.101795,63.1,326871.61236169765,4690122.392481757,19,T
1663819800.425872,163,147607442,0,GPS1_Frame,42.34411,-71.10178499999999,62.8,326872.4498382943,4690122.927331307,19,T
1663819801.4261804,164,147611043,0,GPS1_Frame,42.344114999999995,-71.101775,62.6,326873.2873147569,4690123.462180955,19,T
1663819802.4255154,165,147614644,0,GPS1_Frame,42.34412166666666,-71.101765,62.5,326874.1293660385,4690124.18210167,19,T
1663819803.426127,166,147618245,0,GPS1_Frame,42.34412999999999,-71.10175833333332,62.6,326874.7014083134,4690125.093881124,19,T
1663819804.425528,167,147621846,0,GPS1_Frame,42.34413666666666,-71.10175,62.7,326875.4061673917,4690125.817195824,19,T
1663819805.4267683,168,147625447,0,GPS1_Frame,42.34414333333334,-71.10174333333332,62.9,326875.9736344749,4690126.54390441,19,T
1663819806.4272616,169,147629048,0,GPS1_Frame,42.344150000000006,-71.10173499999998,62.9,326876.67839328136,4690127.267219234,19,T
1663819807.4255672,170,147632649,0,GPS1_Frame,42.344155,-71.10172666666666,62.8,326877.37857707386,4690127.805463154,19,T
1663819808.425019,171,147636250,0,GPS1_Frame,42.344161666666665,-71.10171666666668,62.7,326878.2206274229,4690128.525384336,19,T
1663819809.4252665,172,147639851,0,GPS1_Frame,42.34416833333333,-71.10170666666667,62.7,326879.06267760164,4690129.245305614,19,T
1663819810.4268987,173,147643452,0,GPS1_Frame,42.34417833333334,-71.1017,62.7,326879.63929366536,4690130.342156418,19,T
1663819811.4281077,174,147647053,0,GPS1_Frame,42.34418666666667,-71.10169666666667,62.9,326879.93675124506,4690131.260723773,19,T
1663819812.4280357,175,147650654,0,GPS1_Frame,42.344195000000006,-71.101695,63.2,326880.09691701486,4690132.182684878,19,T
1663819813.425977,176,147654255,0,GPS1_Frame,42.34420333333335,-71.10169333333333,63.5,326880.25708275195,4690133.104645989,19,T
1663819814.426122,177,147657856,0,GPS1_Frame,42.34421166666666,-71.10168666666668,63.6,326880.829123568,4690134.016425908,19,T
1663819815.4248939,178,147661457,0,GPS1_Frame,42.34421999999999,-71.10168,63.6,326881.40116424236,4690134.928205875,19,T
1663819816.424408,179,147665058,0,GPS1_Frame,42.34423,-71.10167,63.6,326882.2523628584,4690136.01826945,19,T
1663819817.4246457,180,147668659,0,GPS1_Frame,42.34423833333334,-71.10166333333333,63.5,326882.8244031988,4690136.9300495265,19,T
1663819818.4247735,181,147672260,0,GPS1_Frame,42.34424833333334,-71.10165666666666,63.4,326883.4010181215,4690138.026900615,19,T
1663819819.421896,182,147675861,0,GPS1_Frame,42.344258333333336,-71.10165,63.2,326883.9776328728,4690139.1237517465,19,T
1663819820.4254334,183,147679462,0,GPS1_Frame,42.34426666666666,-71.10164499999999,63.0,326884.412381178,4690140.03892561,19,T
1663819821.4277873,184,147683063,0,GPS1_Frame,42.344274999999996,-71.10163833333333,62.8,326884.9844209398,4690140.950705847,19,T
1663819822.4495502,185,147686664,0,GPS1_Frame,42.34427166666666,-71.10164333333333,62.9,326884.56339685095,4690140.590744863,19,T
1663819823.4489167,186,147690265,0,GPS1_Frame,42.34427666666667,-71.10164,62.8,326884.8517040659,4690141.139170471,19,T
1663819824.4273777,187,147693866,0,GPS1_Frame,42.34428166666667,-71.10163666666668,62.9,326885.14001123654,4690141.6875960855,19,T
1663819825.427088,188,147697467,0,GPS1_Frame,42.344285000000006,-71.10162999999999,63.0,326885.69832677685,4690142.0441634655,19,T
1663819826.4267657,189,147701068,0,GPS1_Frame,42.34429000000001,-71.10162666666666,63.3,326885.98663384997,4690142.592589114,19,T
1663819827.425078,190,147704669,0,GPS1_Frame,42.344296666666665,-71.10161833333332,63.4,326886.6913900885,4690143.31590488,19,T
1663819828.4265332,191,147708270,0,GPS1_Frame,42.34430333333333,-71.10161666666666,63.4,326886.84698017326,4690144.052795152,19,T
1663819829.4466581,192,147711871,0,GPS1_Frame,42.34430999999999,-71.10161333333333,63.5,326887.1398617169,4690144.7862918135,19,T
1663819830.446274,193,147715472,0,GPS1_Frame,42.344315,-71.10161,63.7,326887.4281685784,4690145.334717519,19,T
1663819831.4248512,194,147719073,0,GPS1_Frame,42.34432333333333,-71.10160666666667,63.9,326887.7256246408,4690146.253285176,19,T
1663819832.4237099,195,147722674,0,GPS1_Frame,42.344330000000014,-71.10160166666665,64.2,326888.155797463,4690146.983388285,19,T
1663819833.4226365,196,147726275,0,GPS1_Frame,42.34433666666667,-71.10159333333331,64.3,326888.86055306316,4690147.706704256,19,T
1663819834.4247468,197,147729876,0,GPS1_Frame,42.344343333333335,-71.10158666666666,64.7,326889.428017099,4690148.433413858,19,T
1663819835.4441874,198,147733477,0,GPS1_Frame,42.344348333333336,-71.10158166666666,65.0,326889.8536150552,4690148.97844609,19,T
1663819836.4448407,199,147737078,0,GPS1_Frame,42.34435499999999,-71.10157500000001,65.2,326890.4210788935,4690149.705155769,19,T
1663819837.4430976,200,147740679,0,GPS1_Frame,42.34436166666666,-71.10156333333332,65.2,326891.4004167478,4690150.421684894,19,T
1663819838.4242566,201,147744280,0,GPS1_Frame,42.344365,-71.10155333333334,65.2,326892.23331401544,4690150.771465717,19,T
1663819839.4243753,202,147747881,0,GPS1_Frame,42.34436999999999,-71.10154333333332,65.3,326893.0707856901,4690151.306317607,19,T
1663819840.4253066,203,147751482,0,GPS1_Frame,42.34437500000001,-71.10153499999998,65.4,326893.7709658854,4690151.84456308,19,T
1663819841.4250984,204,147755083,0,GPS1_Frame,42.34437666666667,-71.10153,65.7,326894.1874143806,4690152.019453616,19,T
1663819842.4452865,205,147758684,0,GPS1_Frame,42.34437666666667,-71.10152333333333,65.8,326894.73657975125,4690152.005879738,19,T
1663819843.4237676,206,147762285,0,GPS1_Frame,42.34437833333333,-71.10151499999999,66.1,326895.427610892,4690152.173983424,19,T
1663819844.422938,207,147765886,0,GPS1_Frame,42.344386666666665,-71.10150499999999,66.6,326896.2742309506,4690153.078977632,19,T
1663819845.4230113,208,147769487,0,GPS1_Frame,42.344395,-71.10149166666667,66.9,326897.39543339727,4690153.977185106,19,T
1663819846.4237392,209,147773088,0,GPS1_Frame,42.3444,-71.101485,67.5,326897.95832169644,4690154.518824394,19,T
1663819847.4229636,210,147776689,0,GPS1_Frame,42.34440166666666,-71.10148166666667,67.8,326898.2374786356,4690154.697108566,19,T
1663819848.4236743,211,147780290,0,GPS1_Frame,42.34440333333334,-71.101475,67.9,326898.79121812864,4690154.868605974,19,T
1663819849.423091,212,147783891,0,GPS1_Frame,42.344406666666664,-71.10146666666667,68.3,326899.4868231958,4690155.221781022,19,T
1663819850.4228475,213,147787492,0,GPS1_Frame,42.344406666666664,-71.10145833333333,68.7,326900.17327957856,4690155.204814192,19,T
1663819851.4224355,214,147791093,0,GPS1_Frame,42.344408333333334,-71.10144833333332,69.0,326901.0016015229,4690155.369525057,19,T
1663819852.4235456,215,147794694,0,GPS1_Frame,42.344409999999996,-71.10144166666667,69.2,326901.5553408804,4690155.541022678,19,T
1663819853.423529,216,147798295,0,GPS1_Frame,42.34441333333332,-71.10143,69.6,326902.5255282556,4690155.8874113625,19,T
1663819854.4233053,217,147801896,0,GPS1_Frame,42.344415,-71.10142000000002,70.7,326903.353850046,4690156.0521225035,19,T
1663819855.4239993,218,147805497,0,GPS1_Frame,42.34442000000001,-71.101415,70.9,326903.77944646124,4690156.597155541,19,T
1663819856.424,219,147809098,0,GPS1_Frame,42.34442166666666,-71.10141,71.1,326904.1958944039,4690156.772046657,19,T
1663819857.423334,220,147812699,0,GPS1_Frame,42.344424999999994,-71.10140166666666,71.1,326904.8914989887,4690157.1252222285,19,T
1663819858.4243224,221,147960340,0,GPS1_Frame,42.34442833333332,-71.10138833333333,71.1,326905.998977187,4690157.468218118,19,T
1663819859.423763,222,147963941,0,GPS1_Frame,42.34442833333332,-71.10137500000002,71.1,326907.0973070138,4690157.441072234,19,T
1663819860.4218373,223,147967542,0,GPS1_Frame,42.34443166666667,-71.10136666666668,71.2,326907.7929113753,4690157.794248087,19,T
1663819861.4225469,224,147971143,0,GPS1_Frame,42.344440000000006,-71.10136333333332,71.6,326908.09036432777,4690158.712816534,19,T
1663819862.4227812,225,147974744,0,GPS1_Frame,42.344455,-71.10136166666666,72.1,326908.26882241806,4690160.375062084,19,T
1663819863.4227698,226,147978345,0,GPS1_Frame,42.344468333333324,-71.10135333333334,72.3,326908.9918709278,4690161.838663883,19,T
1663819864.4231293,227,147981946,0,GPS1_Frame,42.344485,-71.10134166666667,72.1,326909.99864949565,4690163.66562135,19,T
1663819865.5017729,228,147985547,0,GPS1_Frame,42.34449666666666,-71.10133166666667,71.9,326910.85441438516,4690164.940759185,19,T
1663819866.4234214,229,147989148,0,GPS1_Frame,42.34451000000001,-71.10131833333332,71.9,326911.98933509656,4690166.39418182,19,T
1663819867.4235973,230,147992749,0,GPS1_Frame,42.344525000000004,-71.10130833333332,71.9,326912.8542472964,4690168.03946183,19,T
1663819868.4232917,231,147996350,0,GPS1_Frame,42.34454,-71.10130166666666,71.8,326913.44457714783,4690169.691528149,19,T
1663819869.424248,232,147999951,0,GPS1_Frame,42.34455833333334,-71.101305,71.9,326913.22030900425,4690171.734095096,19,T
1663819870.4239588,233,148003552,0,GPS1_Frame,42.344591666666666,-71.10132333333334,71.4,326911.8015891422,4690175.472839021,19,T
1663819871.4242182,234,148007153,0,GPS1_Frame,42.34461666666667,-71.101315,71.0,326912.55665367114,4690178.231937989,19,T
1663819872.422215,235,148010754,0,GPS1_Frame,42.34463666666667,-71.101305,71.1,326913.4352864714,4690180.432430984,19,T
1663819873.4420075,236,148014355,0,GPS1_Frame,42.34465666666667,-71.10129166666668,70.9,326914.5885002306,4690182.626137891,19,T
1663819874.4388034,237,148017956,0,GPS1_Frame,42.344669999999994,-71.10127833333333,70.8,326915.72341756587,4690184.079561057,19,T
1663819875.421985,238,148021557,0,GPS1_Frame,42.34468333333333,-71.10126333333332,69.2,326916.99562511605,4690185.529591351,19,T
1663819876.4263825,239,148025158,0,GPS1_Frame,42.34470500000001,-71.10125500000001,66.4,326917.7415390214,4690187.918548869,19,T
1663819877.426041,240,148028759,0,GPS1_Frame,42.34472666666667,-71.10124666666667,65.0,326918.48745248315,4690190.307506462,19,T
1663819878.4262156,241,148032360,0,GPS1_Frame,42.34473500000001,-71.10123,64.0,326919.88322744245,4690191.198931285,19,T
1663819879.4249096,242,148035961,0,GPS1_Frame,42.34474833333334,-71.10122666666665,61.6,326920.19439920894,4690192.672713139,19,T
1663819880.4252331,243,148039562,0,GPS1_Frame,42.344755000000006,-71.10120833333335,60.6,326921.722890203,4690193.375674345,19,T
1663819881.4253552,244,148043163,0,GPS1_Frame,42.34477333333333,-71.10120833333335,57.8,326921.7732019231,4690195.411455123,19,T
1663819882.437399,245,148046764,0,GPS1_Frame,42.344780000000014,-71.10120166666667,57.2,326922.34065894317,4690196.138167231,19,T
1663819883.4449456,246,148050365,0,GPS1_Frame,42.34479666666666,-71.10118000000001,55.4,326924.17117226473,4690197.944768928,19,T
1663819884.427011,247,148053966,0,GPS1_Frame,42.344793333333335,-71.10118166666668,55.3,326924.02473436436,4690197.578019884,19,T
1663819885.4447842,248,148057567,0,GPS1_Frame,42.3448,-71.10117833333335,55.5,326924.317610147,4690198.311517978,19,T
1663819886.426612,249,148061168,0,GPS1_Frame,42.34480833333333,-71.10116666666666,55.6,326925.30151159863,4690199.21312257,19,T
1663819887.4263425,250,148064769,0,GPS1_Frame,42.344815000000004,-71.101155,55.0,326926.2808391117,4690199.929656313,19,T
1663819888.4260304,251,148068370,0,GPS1_Frame,42.344823333333345,-71.101145,54.7,326927.1274497162,4690200.834654026,19,T
1663819889.4258344,252,148071971,0,GPS1_Frame,42.34483333333333,-71.10112333333335,53.2,326928.939666152,4690201.900972988,19,T
1663819890.4249167,253,148075572,0,GPS1_Frame,42.34484333333333,-71.10111166666668,52.7,326929.92814009025,4690202.987649186,19,T
1663819891.4250906,254,148079173,0,GPS1_Frame,42.344856666666665,-71.10109166666666,51.4,326931.6122123266,4690204.427503582,19,T
1663819892.425509,255,148082774,0,GPS1_Frame,42.34487000000001,-71.10108,51.2,326932.60983255005,4690205.884322098,19,T
1663819893.424578,256,148086375,0,GPS1_Frame,42.344883333333335,-71.10106833333332,51.4,326933.6074523798,4690207.341140745,19,T
1663819894.4249432,257,148089976,0,GPS1_Frame,42.34489333333333,-71.10105666666665,51.5,326934.59592486173,4690208.427817563,19,T
1663819895.4441433,258,148093577,0,GPS1_Frame,42.344901666666665,-71.10105,51.3,326935.1679530089,4690209.339601633,19,T
1663819896.4442072,259,148097178,0,GPS1_Frame,42.34490833333333,-71.10104833333334,50.9,326935.32353702874,4690210.076492857,19,T
1663819897.4259765,260,148100779,0,GPS1_Frame,42.34490999999999,-71.10105333333333,51.2,326934.91623995895,4690210.271741957,19,T
1663819898.4443192,261,148104380,0,GPS1_Frame,42.34490833333333,-71.10105833333334,51.8,326934.4997959472,4690210.096849118,19,T
1663819899.4263144,262,148107981,0,GPS1_Frame,42.344905000000004,-71.10106499999999,53.4,326933.9414882441,4690209.740278049,19,T
1663819900.4271855,263,148111582,0,GPS1_Frame,42.344905000000004,-71.10106833333332,54.2,326933.6669078688,4690209.747063513,19,T
1663819901.4273565,264,148115183,0,GPS1_Frame,42.344905000000004,-71.10107166666667,54.8,326933.3923274935,4690209.753848987,19,T
1663819902.4272895,265,148118784,0,GPS1_Frame,42.34490833333333,-71.10107500000001,55.2,326933.1268941456,4690210.130776436,19,T
1663819903.4270806,266,148122385,0,GPS1_Frame,42.34490999999999,-71.10107833333333,55.4,326932.8568873091,4690210.3226329135,19,T
1663819904.4257662,267,148125986,0,GPS1_Frame,42.34491166666667,-71.10108166666666,56.3,326932.58688048716,4690210.514489405,19,T
1663819905.4253063,268,148129587,0,GPS1_Frame,42.34490999999999,-71.10108833333334,57.2,326932.03314624995,4690210.342989465,19,T
1663819906.4450998,269,148133188,0,GPS1_Frame,42.34491166666667,-71.10109333333332,58.2,326931.62584927527,4690210.538238763,19,T
1663819907.4253182,270,148136789,0,GPS1_Frame,42.34491333333334,-71.10109833333334,59.6,326931.2185523183,4690210.733488082,19,T
1663819908.4249184,271,148140390,0,GPS1_Frame,42.34491166666667,-71.10110666666667,60.6,326930.5275278883,4690210.565381047,19,T
1663819909.4253893,272,148143991,0,GPS1_Frame,42.34491166666667,-71.10111333333332,61.6,326929.9783671965,4690210.578952255,19,T
1663819910.4250486,273,148147592,0,GPS1_Frame,42.344915,-71.10111666666667,62.6,326929.7129340619,4690210.955879841,19,T
1663819911.4248052,274,148151193,0,GPS1_Frame,42.34492,-71.10111666666667,63.7,326929.7266548815,4690211.51109279,19,T
1663819912.4264178,275,148154794,0,GPS1_Frame,42.344928333333336,-71.10111333333332,64.5,326930.02410319156,4690212.429662087,19,T
1663819913.424761,276,148158395,0,GPS1_Frame,42.344938333333324,-71.10110666666667,65.4,326930.60070525476,4690213.526516779,19,T
1663819914.4250333,277,148161996,0,GPS1_Frame,42.34494666666666,-71.10110333333334,66.6,326930.8981533818,4690214.445086111,19,T
1663819915.4249523,278,148165597,0,GPS1_Frame,42.34495333333332,-71.10109666666668,67.5,326931.4656080336,4690215.171798903,19,T
1663819916.4232893,279,148169198,0,GPS1_Frame,42.34496333333333,-71.10108666666667,68.0,326932.31678979524,4690216.261868171,19,T
1663819917.4241393,280,148172799,0,GPS1_Frame,42.344971666666666,-71.10108,68.5,326932.88881769317,4690217.173652055,19,T
1663819918.424024,281,148320440,0,GPS1_Frame,42.34498000000001,-71.10107333333333,69.1,326933.46084544936,4690218.085435984,19,T
1663819919.4244764,282,148324041,0,GPS1_Frame,42.344984999999994,-71.10106833333332,69.4,326933.88643604395,4690218.630470719,19,T
1663819920.4233065,283,148327642,0,GPS1_Frame,42.34499833333333,-71.10106666666668,68.2,326934.0603140872,4690220.107645862,19,T
1663819921.4233723,284,148331243,0,GPS1_Frame,42.345005000000015,-71.10106499999999,67.8,326934.21589808015,4690220.844537072,19,T
1663819922.4246607,285,148334844,0,GPS1_Frame,42.34501166666667,-71.10106,67.5,326934.6460619504,4690221.574642833,19,T
1663819923.425043,286,148338445,0,GPS1_Frame,42.34501666666666,-71.10106,68.5,326934.65978242515,4690222.129855789,19,T
1663819924.4382405,287,148342046,0,GPS1_Frame,42.34502166666666,-71.10105666666665,68.7,326934.9480827701,4690222.678283307,19,T
1663819925.43786,288,148345647,0,GPS1_Frame,42.345025,-71.10105333333333,68.9,326935.2318095925,4690223.0416398505,19,T
1663819926.4209256,289,148349248,0,GPS1_Frame,42.345029999999994,-71.10104833333334,69.1,326935.6573997694,4690223.586674684,19,T
1663819927.422153,290,148352849,0,GPS1_Frame,42.34503500000001,-71.10104166666667,69.4,326936.2202797875,4690224.1283168495,19,T
1663819928.421696,291,148356450,0,GPS1_Frame,42.34503666666666,-71.10103666666669,70.1,326936.6367229414,4690224.303209768,19,T
1663819929.4216218,292,148360051,0,GPS1_Frame,42.34503666666666,-71.10103833333332,71.1,326936.4994330441,4690224.306602453,19,T
1663819930.4217362,293,148363652,0,GPS1_Frame,42.345038333333335,-71.10104666666666,72.2,326935.8175570072,4690224.5086369105,19,T
1663819931.4192188,294,148367253,0,GPS1_Frame,42.34504499999999,-71.10105666666665,73.3,326935.0121115744,4690225.269277107,19,T
1663819932.4203932,295,148370854,0,GPS1_Frame,42.34505166666667,-71.10106,74.6,326934.7558257858,4690226.016346494,19,T
1663819933.4249551,296,148374455,0,GPS1_Frame,42.345055,-71.10106,75.8,326934.76497277594,4690226.386488465,19,T
1663819934.4243696,297,148378056,0,GPS1_Frame,42.34505999999999,-71.10106,77.0,326934.77869326214,4690226.941701425,19,T
1663819935.44575,298,148381657,0,GPS1_Frame,42.34506833333333,-71.10105499999999,78.7,326935.2134302382,4690227.856878202,19,T
1663819936.4427512,299,148385258,0,GPS1_Frame,42.34507833333334,-71.10105,80.3,326935.65274058224,4690228.9571259925,19,T
1663819937.4236894,300,148388859,0,GPS1_Frame,42.345083333333335,-71.10104833333334,81.0,326935.80375080707,4690229.508946248,19,T
1663819938.4245465,301,148392460,0,GPS1_Frame,42.34508833333332,-71.10104500000001,81.8,326936.0920508005,4690230.057373805,19,T
1663819939.4241006,302,148396061,0,GPS1_Frame,42.34509166666666,-71.10104333333334,82.7,326936.2384875135,4690230.424123083,19,T
1663819940.4233584,303,148399662,0,GPS1_Frame,42.34509500000001,-71.10104166666667,83.4,326936.3849242084,4690230.790872364,19,T
1663819941.4223769,304,148403263,0,GPS1_Frame,42.34509833333333,-71.10104000000001,84.0,326936.5313608934,4690231.157621645,19,T
1663819942.4236803,305,148406864,0,GPS1_Frame,42.34510333333332,-71.10104166666667,84.5,326936.40779150405,4690231.716227299,19,T
1663819943.4241016,306,148410465,0,GPS1_Frame,42.345108333333336,-71.10104333333334,85.0,326936.2842221421,4690232.27483296,19,T
1663819944.4240892,307,148414066,0,GPS1_Frame,42.34511333333333,-71.10103833333332,85.5,326936.7098117329,4690232.819867845,19,T
1663819945.4444754,308,148417667,0,GPS1_Frame,42.345119999999994,-71.10103666666669,86.0,326936.8653952623,4690233.556759109,19,T
1663819946.4446247,309,148421268,0,GPS1_Frame,42.345125,-71.10103333333333,86.5,326937.15369503136,4690234.105186709,19,T
1663819947.423197,310,148424869,0,GPS1_Frame,42.345130000000005,-71.10103000000001,87.0,326937.4419947539,4690234.653614318,19,T
1663819948.4252362,311,148428470,0,GPS1_Frame,42.34513499999999,-71.10102666666666,87.6,326937.73029443825,4690235.202041937,19,T
1663819949.445847,312,148432071,0,GPS1_Frame,42.34514166666666,-71.10102,88.0,326938.29774684214,4690235.928755234,19,T
1663819950.4240768,313,148435672,0,GPS1_Frame,42.345150000000004,-71.10100999999999,88.2,326939.1443518426,4690236.833754272,19,T
1663819951.424179,314,148439273,0,GPS1_Frame,42.34515833333334,-71.10100000000001,88.3,326939.9909566262,4690237.738753408,19,T
1663819952.4241977,315,148442874,0,GPS1_Frame,42.345166666666664,-71.10099,88.3,326940.837561195,4690238.643752638,19,T
1663819953.4240549,316,148446475,0,GPS1_Frame,42.34517166666666,-71.10098166666666,88.4,326941.5377292838,4690239.1820025835,19,T
1663819954.4235559,317,148450076,0,GPS1_Frame,42.34518,-71.10097166666665,88.3,326942.3843334836,4690240.087001992,19,T
1663819955.425026,318,148453677,0,GPS1_Frame,42.34518833333333,-71.10096,88.3,326943.36822703906,4690240.988608935,19,T
1663819956.4258256,319,148457278,0,GPS1_Frame,42.345195,-71.10095333333335,88.5,326943.9356784137,4690241.715322663,19,T
1663819957.4457073,320,148460879,0,GPS1_Frame,42.345196666666666,-71.10094333333332,89.3,326944.7639889956,4690241.880038392,19,T
1663819958.4250612,321,148464480,0,GPS1_Frame,42.34519833333334,-71.10093333333333,90.1,326945.5922995315,4690242.044754216,19,T
1663819959.425089,322,148468081,0,GPS1_Frame,42.345200000000006,-71.10091833333331,90.6,326946.8324786574,4690242.199292639,19,T
1663819960.427693,323,148471682,0,GPS1_Frame,42.345196666666666,-71.10092333333333,90.6,326946.41146360536,4690241.839328159,19,T
1663819961.424427,324,148475283,0,GPS1_Frame,42.34520166666667,-71.10091666666668,90.1,326946.9743413936,4690242.380971133,19,T
1663819962.4226892,325,148478884,0,GPS1_Frame,42.345211666666664,-71.10091,89.3,326947.55093864375,4690243.47782712,19,T
1663819963.42257,326,148482485,0,GPS1_Frame,42.34522333333333,-71.10090333333333,88.5,326948.13210889325,4690244.759754136,19,T
1663819964.4225864,327,148486086,0,GPS1_Frame,42.34524166666666,-71.10089500000002,87.8,326948.8688610178,4690246.7785727,19,T
1663819965.4218225,328,148489687,0,GPS1_Frame,42.34525666666667,-71.10088666666668,87.3,326949.5964664915,4690248.427249355,19,T
1663819966.4228942,329,148493288,0,GPS1_Frame,42.34525166666667,-71.10089166666667,87.2,326949.1708787971,4690247.882213731,19,T
1663819967.4225018,330,148496889,0,GPS1_Frame,42.34525166666667,-71.10089166666667,87.2,326949.1708787971,4690247.882213731,19,T
1663819968.4219925,331,148500490,0,GPS1_Frame,42.345258333333334,-71.10088,87.1,326950.15019729175,4690248.598750588,19,T
1663819969.4217358,332,148504091,0,GPS1_Frame,42.34526833333333,-71.10086666666666,87.0,326951.27595117455,4690249.682037142,19,T
1663819970.4224207,333,148507692,0,GPS1_Frame,42.34527666666667,-71.10085000000001,86.8,326952.67171039653,4690250.573468106,19,T
1663819971.423199,334,148511293,0,GPS1_Frame,42.34528499999999,-71.10083166666665,86.7,326954.20475862053,4690251.461506976,19,T
1663819972.423924,335,148514894,0,GPS1_Frame,42.34529666666668,-71.10081500000001,86.4,326955.60966306756,4690252.723080485,19,T
1663819973.422354,336,148518495,0,GPS1_Frame,42.345306666666666,-71.10079833333333,86.2,326957.0099940667,4690253.799583268,19,T
1663819974.4435024,337,148522096,0,GPS1_Frame,42.34531833333334,-71.10078166666666,86.0,326958.4148975459,4690255.061157314,19,T
1663819975.4233913,338,148525697,0,GPS1_Frame,42.34533,-71.100765,85.7,326959.8198005224,4690256.322731627,19,T
1663819976.4441876,339,148529298,0,GPS1_Frame,42.34534000000001,-71.10075166666667,85.7,326960.94555168285,4690257.406019667,19,T
1663819977.4210608,340,148532899,0,GPS1_Frame,42.345351666666666,-71.10073166666668,85.0,326962.6250321617,4690258.660810069,19,T
1663819978.4207969,341,148680540,0,GPS1_Frame,42.34535999999999,-71.10071666666666,84.8,326963.88349893456,4690259.555635376,19,T
1663819979.42177,342,148684141,0,GPS1_Frame,42.34536166666667,-71.10068999999999,83.5,326966.08469873737,4690259.686431977,19,T
1663819980.422885,343,148687742,0,GPS1_Frame,42.34536333333334,-71.10066666666667,82.4,326968.0113200515,4690259.824013441,19,T
1663819981.4211082,344,148691343,0,GPS1_Frame,42.34537,-71.10065166666666,82.0,326969.2652132502,4690260.5337687,19,T
1663819982.422056,345,148694944,0,GPS1_Frame,42.34537999999999,-71.10063666666667,81.7,326970.5282513912,4690261.613666159,19,T
1663819983.4232337,346,148698545,0,GPS1_Frame,42.34539,-71.10062333333333,81.5,326971.65400002024,4690262.696955856,19,T
1663819984.4246979,347,148702146,0,GPS1_Frame,42.3454,-71.10061166666667,81.1,326972.6424591987,4690263.783637725,19,T
1663819985.4423752,348,148705747,0,GPS1_Frame,42.34540666666667,-71.10060333333332,80.8,326973.3471948494,4690264.5069617145,19,T
1663819986.422159,349,148709348,0,GPS1_Frame,42.34541666666667,-71.10058833333332,80.4,326974.6102316553,4690265.586859875,19,T
1663819987.4435737,350,148712949,0,GPS1_Frame,42.34542666666667,-71.10057666666665,80.1,326975.59868998156,4690266.673542139,19,T
1663819988.4227273,351,148716550,0,GPS1_Frame,42.34543999999999,-71.10055833333332,79.5,326977.145448979,4690268.116798833,19,T
1663819989.4214787,352,148720151,0,GPS1_Frame,42.34545333333334,-71.10054166666667,79.0,326978.55491835345,4690269.563447744,19,T
1663819990.4227364,353,148723752,0,GPS1_Frame,42.34546666666666,-71.10052666666667,78.4,326979.82709819864,4690271.013488785,19,T
1663819991.424728,354,148727353,0,GPS1_Frame,42.345475,-71.100515,78.1,326980.8109826341,4690271.915100754,19,T
1663819992.4248192,355,148730954,0,GPS1_Frame,42.345483333333334,-71.10050500000001,77.9,326981.6575778945,4690272.8201046875,19,T
1663819993.4245722,356,148734555,0,GPS1_Frame,42.345488333333336,-71.10049500000001,77.5,326982.49502833525,4690273.354966731,19,T
1663819994.42443,357,148738156,0,GPS1_Frame,42.34549333333333,-71.10048499999999,77.2,326983.3324786504,4690273.889828871,19,T
1663819995.4256907,358,148741757,0,GPS1_Frame,42.34550166666667,-71.10047666666665,76.8,326984.0417844672,4690274.798224877,19,T
1663819996.4442635,359,148745358,0,GPS1_Frame,42.34550833333333,-71.10046666666668,76.4,326984.88380672876,4690275.518158187,19,T
1663819997.4235954,360,148748959,0,GPS1_Frame,42.34551666666667,-71.100455,76.2,326985.8676898899,4690276.419770836,19,T
1663819998.4438198,361,148752560,0,GPS1_Frame,42.345531666666666,-71.10043833333334,75.8,326987.2817280227,4690278.051492406,19,T
1663819999.4238386,362,148756161,0,GPS1_Frame,42.34554,-71.10043,75.6,326987.99103293254,4690278.95988879,19,T
1663820000.445827,363,148759762,0,GPS1_Frame,42.34555333333332,-71.10041833333332,75.1,326988.9886316454,4690280.416714832,19,T
1663820001.4232802,364,148763363,0,GPS1_Frame,42.34556333333333,-71.10040666666666,74.7,326989.97708572703,4690281.503399023,19,T
1663820002.426401,365,148766964,0,GPS1_Frame,42.345575,-71.100395,74.4,326990.970111598,4690282.775154337,19,T
1663820003.4251757,366,148770565,0,GPS1_Frame,42.34558499999999,-71.100385,74.1,326991.821276355,4690283.865230426,19,T
1663820004.4253054,367,148774166,0,GPS1_Frame,42.34559666666668,-71.10037333333334,73.8,326992.8143015773,4690285.136985991,19,T
1663820005.4253304,368,148777767,0,GPS1_Frame,42.34561,-71.10035833333333,73.7,326994.0864757658,4690286.587029481,19,T
1663820006.424703,369,148781368,0,GPS1_Frame,42.34562166666666,-71.10034166666667,73.5,326995.49136607506,4690287.848610629,19,T
1663820007.4255633,370,148784969,0,GPS1_Frame,42.34563333333333,-71.10032833333334,73.4,326996.62167869275,4690289.116975134,19,T
1663820008.445852,371,148788570,0,GPS1_Frame,42.345645,-71.100315,73.3,326997.75199091213,4690290.385339814,19,T
1663820009.424978,372,148792171,0,GPS1_Frame,42.34565500000001,-71.10030499999999,73.1,326998.603153741,4690291.47541668,19,T
1663820010.4243476,373,148795772,0,GPS1_Frame,42.34566333333334,-71.10029333333333,72.8,326999.587032957,4690292.37703116,19,T
1663820011.42569,374,148799373,0,GPS1_Frame,42.34567333333333,-71.10028166666667,72.5,327000.5754837754,4690293.463716764,19,T
1663820012.4252555,375,148802974,0,GPS1_Frame,42.345681666666664,-71.10027166666667,72.4,327001.4220739787,4690294.36872296,19,T
1663820013.423693,376,148806575,0,GPS1_Frame,42.34569,-71.10026333333333,72.1,327002.1313754957,4690295.277120694,19,T
1663820014.4251356,377,148810176,0,GPS1_Frame,42.34569833333334,-71.10025000000002,71.7,327003.25254219014,4690296.175344222,19,T
1663820015.4260893,378,148813777,0,GPS1_Frame,42.345704999999995,-71.10024166666668,71.4,327003.95727152645,4690296.898671134,19,T
1663820016.426638,379,148817378,0,GPS1_Frame,42.345713333333336,-71.10023,70.9,327004.9411493102,4690297.80028633,19,T
1663820017.4254367,380,148820979,0,GPS1_Frame,42.345723333333346,-71.10021833333333,70.5,327005.9295985629,4690298.886972654,19,T
1663820018.4250348,381,148824580,0,GPS1_Frame,42.345731666666666,-71.10020666666667,69.9,327006.9134758195,4690299.788588109,19,T
1663820019.4249833,382,148828181,0,GPS1_Frame,42.34574166666667,-71.10019500000001,69.6,327007.9019244958,4690300.875274696,19,T
1663820020.4269326,383,148831782,0,GPS1_Frame,42.345751666666665,-71.10018499999998,69.3,327008.7530845373,4690301.96535273,19,T
1663820021.4229646,384,148835383,0,GPS1_Frame,42.345765,-71.10016666666668,68.3,327010.299829109,4690303.408616387,19,T
1663820022.421604,385,148838984,0,GPS1_Frame,42.345774999999996,-71.10015166666666,67.6,327011.56285333587,4690304.488520896,19,T
1663820023.422936,386,148842585,0,GPS1_Frame,42.345785,-71.10013666666669,66.9,327012.8258771747,4690305.568425623,19,T
1663820024.4414198,387,148846186,0,GPS1_Frame,42.345781666666674,-71.10014166666667,66.9,327012.40486927156,4690305.208457357,19,T
1663820025.4191527,388,148849787,0,GPS1_Frame,42.345781666666674,-71.10014166666667,66.9,327012.40486927156,4690305.208457357,19,T
1663820026.435462,389,148853388,0,GPS1_Frame,42.34578666666666,-71.100135,66.3,327012.96773698437,4690305.750105382,19,T
1663820027.421132,390,148856989,0,GPS1_Frame,42.34579666666667,-71.10012499999999,65.7,327013.81889567396,4690306.840183999,19,T
1663820028.4207559,391,148860590,0,GPS1_Frame,42.345805000000006,-71.10010999999999,64.8,327015.0773472573,4690307.735018118,19,T
1663820029.4204018,392,148864191,0,GPS1_Frame,42.345816666666664,-71.10009666666666,64.1,327016.2076532454,4690309.003385619,19,T
1663820030.4196947,393,148867792,0,GPS1_Frame,42.34582833333334,-71.10007999999999,63.1,327017.6125351662,4690310.264970995,19,T
1663820031.421342,394,148871393,0,GPS1_Frame,42.34584,-71.10006833333333,62.0,327018.6055521573,4690311.536730011,19,T
1663820032.4213374,395,148874994,0,GPS1_Frame,42.345855,-71.10005666666667,60.9,327019.6077115579,4690313.178631157,19,T
1663820033.419824,396,148878595,0,GPS1_Frame,42.345868333333335,-71.10004500000001,59.4,327020.6052991587,4690314.635461437,19,T
1663820034.4203603,397,148882196,0,GPS1_Frame,42.34586666666667,-71.10004833333333,59.5,327020.3261516382,4690314.457172628,19,T
1663820035.4365132,398,148885797,0,GPS1_Frame,42.34587833333333,-71.10003333333334,57.7,327021.59374369984,4690315.7221498545,19,T
1663820036.4195857,399,148889398,0,GPS1_Frame,42.34588833333334,-71.10002833333334,56.9,327022.0330357951,4690316.822402641,19,T
1663820037.4213495,400,148892999,0,GPS1_Frame,42.34589833333333,-71.10002,56.3,327022.74690379587,4690317.915873342,19,T
1663820038.436872,401,149040640,0,GPS1_Frame,42.34590833333334,-71.10001166666666,55.9,327023.46077158174,4690319.009344114,19,T
1663820039.4204195,402,149044241,0,GPS1_Frame,42.34591833333334,-71.10000333333333,55.6,327024.1746391546,4690320.102814951,19,T
1663820040.4213781,403,149047842,0,GPS1_Frame,42.345928333333326,-71.09999333333333,55.3,327025.0257944623,4690321.192894848,19,T
1663820041.4206877,404,149051443,0,GPS1_Frame,42.345938333333336,-71.09998499999999,55.0,327025.7396615895,4690322.286365839,19,T
1663820042.422709,405,149055044,0,GPS1_Frame,42.34594833333335,-71.099975,54.7,327026.5908164058,4690323.376445914,19,T
1663820043.4211297,406,149058645,0,GPS1_Frame,42.345956666666666,-71.099965,54.5,327027.43739977654,4690324.281455086,19,T
1663820044.4235148,407,149062246,0,GPS1_Frame,42.34596499999999,-71.09995833333335,54.2,327028.0094071972,4690325.193246255,19,T
1663820045.4207845,408,149065847,0,GPS1_Frame,42.34597166666668,-71.09995166666666,54.1,327028.576843315,4690325.919966468,19,T
1663820046.4230087,409,149069448,0,GPS1_Frame,42.345976666666665,-71.09994333333334,54.1,327029.27699601173,4690326.458224796,19,T
1663820047.4431603,410,149073049,0,GPS1_Frame,42.345983333333336,-71.09993166666665,54.2,327030.2562953875,4690327.174772366,19,T
1663820048.4222133,411,149076650,0,GPS1_Frame,42.34599166666666,-71.09992166666666,54.2,327031.1028778418,4690328.07978196,19,T
1663820049.438111,412,149080251,0,GPS1_Frame,42.345998333333334,-71.09991166666669,54.3,327031.94488900306,4690328.79972065,19,T
1663820050.423311,413,149083852,0,GPS1_Frame,42.34599499999999,-71.09991500000001,54.3,327031.6611712469,4690328.436360409,19,T
1663820051.4426677,414,149087453,0,GPS1_Frame,42.345998333333334,-71.09991166666669,54.3,327031.94488900306,4690328.79972065,19,T
1663820052.42328,415,149091054,0,GPS1_Frame,42.34600166666667,-71.09990666666667,54.3,327032.3658945242,4690329.159690032,19,T
1663820053.4226208,416,149094655,0,GPS1_Frame,42.346,-71.09990833333333,54.3,327032.2240356655,4690328.978009902,19,T
1663820054.4221232,417,149098256,0,GPS1_Frame,42.34600166666667,-71.09990666666667,54.3,327032.3658945242,4690329.159690032,19,T
1663820055.4221025,418,149101857,0,GPS1_Frame,42.346005,-71.09990333333334,54.3,327032.64961221593,4690329.5230503,19,T
1663820056.42407,419,149105458,0,GPS1_Frame,42.34600333333332,-71.099905,54.3,327032.5077533715,4690329.341370164,19,T
1663820057.4220874,420,149109059,0,GPS1_Frame,42.34600333333332,-71.099905,54.3,327032.5077533715,4690329.341370164,19,T
1663820058.4221637,421,149112660,0,GPS1_Frame,42.346006666666675,-71.09989999999999,54.4,327032.9287588317,4690329.701339579,19,T
1663820059.422348,422,149116261,0,GPS1_Frame,42.34601333333333,-71.09989166666666,54.5,327033.6334818503,4690330.424669321,19,T
1663820060.422493,423,149119862,0,GPS1_Frame,42.34602333333334,-71.09988166666666,54.5,327034.484634503,4690331.5147503065,19,T
1663820061.438012,424,149123463,0,GPS1_Frame,42.34603166666667,-71.09987166666666,54.7,327035.3312159069,4690332.419760385,19,T
1663820062.4227836,425,149127064,0,GPS1_Frame,42.346039999999995,-71.09986,54.7,327036.3150847953,4690333.321379765,19,T
1663820063.4244547,426,149130665,0,GPS1_Frame,42.34604833333333,-71.09985,54.8,327037.1616657515,4690334.2263900535,19,T
1663820064.4217887,427,149134266,0,GPS1_Frame,42.34605666666666,-71.09983833333334,54.8,327038.14553415985,4690335.12800968,19,T
1663820065.4215047,428,149137867,0,GPS1_Frame,42.346068333333335,-71.09982666666666,55.0,327039.13854411326,4690336.39977144,19,T
1663820066.4204717,429,149141468,0,GPS1_Frame,42.346078333333324,-71.09981499999999,55.0,327040.12698284036,4690337.486462331,19,T
1663820067.419832,430,149145069,0,GPS1_Frame,42.346088333333334,-71.099805,55.1,327040.97813366936,4690338.576544059,19,T
1663820068.420541,431,149148670,0,GPS1_Frame,42.34609666666667,-71.099795,55.2,327041.82471341296,4690339.481554883,19,T
1663820069.4210572,432,149152271,0,GPS1_Frame,42.34610500000001,-71.09978833333332,55.5,327042.3967178174,4690340.393347155,19,T
1663820070.4222386,433,149155872,0,GPS1_Frame,42.346111666666665,-71.09978,55.6,327043.10143882147,4690341.116677801,19,T
1663820071.4230568,434,149159473,0,GPS1_Frame,42.346109999999996,-71.09978333333333,55.5,327042.82229292166,4690340.938388135,19,T
1663820072.420552,435,149163074,0,GPS1_Frame,42.34611333333334,-71.09978166666666,55.7,327042.96872208,4690341.305139473,19,T
1663820073.4231422,436,149166675,0,GPS1_Frame,42.346120000000006,-71.09977500000001,55.7,327043.5361554073,4690342.0318608275,19,T
1663820074.4453795,437,149170276,0,GPS1_Frame,42.34612833333334,-71.099765,55.9,327044.3827344226,4690342.936871944,19,T
1663820075.4231699,438,149173877,0,GPS1_Frame,42.34613833333333,-71.099755,55.7,327045.2338839702,4690344.026954156,19,T
1663820076.4239159,439,149177478,0,GPS1_Frame,42.346144999999986,-71.09974500000001,55.7,327046.0758918068,4690344.746894462,19,T
1663820077.4455223,440,149181079,0,GPS1_Frame,42.34615166666667,-71.09973666666667,55.8,327046.78061201185,4690345.470225462,19,T
1663820078.42322,441,149184680,0,GPS1_Frame,42.34616166666666,-71.099725,55.7,327047.76904833,4690346.556917371,19,T
1663820079.423077,442,149188281,0,GPS1_Frame,42.34617166666667,-71.09971333333333,55.7,327048.757484352,4690347.643609414,19,T
1663820080.4222314,443,149191882,0,GPS1_Frame,42.346181666666666,-71.09970333333332,55.6,327049.60863267793,4690348.733692131,19,T
1663820081.4211366,444,149195483,0,GPS1_Frame,42.346178333333334,-71.09970666666665,55.7,327049.3249165978,4690348.370331216,19,T
1663820082.4119768,445,149199084,0,GPS1_Frame,42.346181666666666,-71.09970333333332,55.7,327049.60863267793,4690348.733692131,19,T
1663820083.417421,446,149202685,0,GPS1_Frame,42.34618999999999,-71.09969833333334,56.0,327050.0433479999,4690349.648875532,19,T
1663820084.4216154,447,149206286,0,GPS1_Frame,42.3462,-71.09969000000001,56.1,327050.75720854144,4690350.742348915,19,T
1663820085.4205964,448,149209887,0,GPS1_Frame,42.346211666666676,-71.09968,55.6,327051.61292679375,4690352.017502863,19,T
1663820086.442365,449,149213488,0,GPS1_Frame,42.346223333333334,-71.09967,55.2,327052.4686447499,4690353.292656907,19,T
1663820087.4226608,450,149217089,0,GPS1_Frame,42.346231666666675,-71.09965999999999,55.2,327053.3152213106,4690354.197669043,19,T
1663820088.4230373,451,149220690,0,GPS1_Frame,42.34624000000001,-71.09965000000001,55.3,327054.16179765447,4690355.102681274,19,T
1663820089.4378612,452,149224291,0,GPS1_Frame,42.34624833333334,-71.09964,55.3,327055.0083737856,4690356.007693604,19,T
1663820090.4217718,453,149227892,0,GPS1_Frame,42.346259999999994,-71.09962999999999,55.0,327055.8640906728,4690357.282848036,19,T
1663820091.421599,454,149231493,0,GPS1_Frame,42.34627166666668,-71.09962000000002,54.7,327056.71980725764,4690358.558002571,19,T
1663820092.4222028,455,149235094,0,GPS1_Frame,42.34628333333334,-71.09960833333334,54.5,327057.71281072136,4690359.829766809,19,T
1663820093.4211218,456,149238695,0,GPS1_Frame,42.346293333333335,-71.09959833333333,54.3,327058.5639562664,4690360.919850547,19,T
1663820094.4209397,457,149242296,0,GPS1_Frame,42.346303333333324,-71.09958833333333,54.0,327059.4151015547,4690362.009934383,19,T
1663820095.4218302,458,149245897,0,GPS1_Frame,42.34631166666666,-71.09958,53.7,327060.1243890996,4690362.918337653,19,T
1663820096.4227715,459,149249498,0,GPS1_Frame,42.34632166666667,-71.09957,53.4,327060.9755339195,4690364.00842167,19,T
1663820097.4216905,460,149253099,0,GPS1_Frame,42.34633166666667,-71.09955833333333,53.1,327061.9639655481,4690365.095115472,19,T
1663820098.422189,461,149400740,0,GPS1_Frame,42.34633999999999,-71.09954833333335,52.9,327062.8105395158,4690366.000128688,19,T
1663820099.4422233,462,149404341,0,GPS1_Frame,42.34635,-71.09953833333334,52.6,327063.66168356256,4690367.090213013,19,T
1663820100.4416974,463,149407942,0,GPS1_Frame,42.34635833333334,-71.09952833333334,52.2,327064.50825708196,4690367.995226428,19,T
1663820101.4209957,464,149411543,0,GPS1_Frame,42.34636833333334,-71.09951833333332,51.8,327065.3594006384,4690369.085310943,19,T
1663820102.435335,465,149415144,0,GPS1_Frame,42.34637833333333,-71.09950999999998,51.4,327066.0732569726,4690370.178785788,19,T
1663820103.4205823,466,149418745,0,GPS1_Frame,42.34638666666666,-71.099495,50.8,327067.3316906591,4690371.073628843,19,T
1663820104.4203737,467,149422346,0,GPS1_Frame,42.34639666666667,-71.09948166666665,50.2,327068.457407271,4690372.156933306,19,T
1663820105.4225943,468,149425947,0,GPS1_Frame,42.346405000000004,-71.09947000000001,49.6,327069.44126648345,4690373.0585571015,19,T
1663820106.4236307,469,149429548,0,GPS1_Frame,42.34641499999999,-71.09946,49.2,327070.2924086888,4690374.148642184,19,T
1663820107.4236822,470,149433149,0,GPS1_Frame,42.34642333333333,-71.09944999999999,48.7,327071.1389805296,4690375.053656357,19,T
1663820108.4239693,471,149436750,0,GPS1_Frame,42.34642999999999,-71.09944166666668,48.3,327071.8436952149,4690375.776989742,19,T
1663820109.4223707,472,149440351,0,GPS1_Frame,42.34643666666666,-71.09943333333335,47.9,327072.54840975686,4690376.500323196,19,T
1663820110.4233854,473,149443952,0,GPS1_Frame,42.34644499999999,-71.09942333333332,47.5,327073.3949810342,4690377.405337626,19,T
1663820111.444159,474,149447553,0,GPS1_Frame,42.34645333333332,-71.09941666666667,47.1,327073.96697849245,4690378.317132316,19,T
1663820112.4235752,475,149451154,0,GPS1_Frame,42.34646166666666,-71.09940833333334,46.8,327074.67626259185,4690379.225536978,19,T
1663820113.4244528,476,149454755,0,GPS1_Frame,42.34647,-71.0994,46.7,327075.385546515,4690380.133941707,19,T
1663820114.4240184,477,149458356,0,GPS1_Frame,42.34647833333333,-71.09939166666666,46.5,327076.0948302557,4690381.0423465045,19,T
1663820115.4235644,478,149461957,0,GPS1_Frame,42.34648333333333,-71.09938333333334,46.2,327076.7949738867,4690381.580609353,19,T
1663820116.415887,479,149465558,0,GPS1_Frame,42.346491666666665,-71.09937333333333,45.1,327077.64154402306,4690382.485624272,19,T
1663820117.4235907,480,149469159,0,GPS1_Frame,42.34649666666665,-71.09935000000002,43.1,327079.57726773375,4690382.993377387,19,T
1663820118.4240503,481,149472760,0,GPS1_Frame,42.34650166666667,-71.09933166666666,41.5,327081.10113106086,4690383.511300855,19,T
1663820119.4250512,482,149476361,0,GPS1_Frame,42.34650166666667,-71.09933333333333,41.7,327080.9638443657,4690383.5146908015,19,T
1663820120.4239087,483,149479962,0,GPS1_Frame,42.34650166666667,-71.09933333333333,41.6,327080.9638443657,4690383.5146908015,19,T
1663820121.426621,484,149483563,0,GPS1_Frame,42.34650166666667,-71.09933166666666,41.6,327081.10113106086,4690383.511300855,19,T
1663820122.421941,485,149487164,0,GPS1_Frame,42.34650166666667,-71.09933166666666,41.6,327081.10113106086,4690383.511300855,19,T
1663820123.4222982,486,149490765,0,GPS1_Frame,42.34650166666667,-71.09933166666666,41.6,327081.10113106086,4690383.511300855,19,T
1663820124.4217353,487,149494366,0,GPS1_Frame,42.34650166666667,-71.09933166666666,41.6,327081.10113106086,4690383.511300855,19,T
